Date,Transaction_ID,Amount,Location,Employee,Category,Status
2025-11-24,TXN000001,599.34,Branch 28,Employee 093,Services,Approved
2025-02-27,TXN000002,472.35,Branch 08,Employee 031,Food,Approved
2025-01-13,TXN000003,629.54,Branch 35,Employee 057,Supplies,Approved
2025-05-21,TXN000004,804.61,Branch 15,Employee 079,Other,Approved
2025-05-06,TXN000005,453.17,Branch 42,Employee 037,Supplies,Approved
2025-04-25,TXN000006,453.17,Branch 10,Employee 097,Supplies,Approved
2025-03-13,TXN000007,815.84,Branch 18,Employee 096,Food,Approved
2025-02-22,TXN000008,653.49,Branch 10,Employee 058,Food,Approved
2025-12-13,TXN000009,406.11,Branch 05,Employee 030,Food,Approved
2025-10-07,TXN000010,608.51,Branch 04,Employee 069,Beverage,Approved
2025-02-14,TXN000011,407.32,Branch 11,Employee 031,Services,Approved
2025-10-30,TXN000012,406.85,Branch 20,Employee 040,Beverage,Pending
2025-08-05,TXN000013,548.39,Branch 39,Employee 061,Services,Approved
2025-01-17,TXN000014,117.34,Branch 48,Employee 025,Services,Approved
2025-01-16,TXN000015,155.02,Branch 37,Employee 048,Supplies,Approved
2025-02-17,TXN000016,387.54,Branch 19,Employee 087,Supplies,Approved
2025-04-22,TXN000017,297.43,Branch 29,Employee 074,Services,Approved
2025-04-30,TXN000018,562.85,Branch 08,Employee 057,Services,Approved
2025-09-16,TXN000019,318.4,Branch 30,Employee 060,Beverage,Pending
2025-11-05,TXN000020,217.54,Branch 45,Employee 099,Beverage,Approved
2025-01-14,TXN000021,793.13,Branch 20,Employee 037,Supplies,Approved
2025-10-15,TXN000022,4333.662826301679,Branch 45,Employee 100,Food,Approved
2025-04-12,TXN000023,513.51,Branch 26,Employee 049,Services,Approved
2025-11-29,TXN000024,215.05,Branch 18,Employee 065,Beverage,Approved
2025-12-26,TXN000025,391.12,Branch 33,Employee 068,Supplies,Approved
2025-10-07,TXN000026,522.18,Branch 35,Employee 054,Beverage,Approved
2025-08-03,TXN000027,269.8,Branch 32,Employee 021,Services,Approved
2025-04-23,TXN000028,575.14,Branch 29,Employee 026,Services,Approved
2025-08-18,TXN000029,379.87,Branch 06,Employee 078,Other,Flagged
2025-10-29,TXN000030,441.66,Branch 39,Employee 018,Food,Pending
2025-05-23,TXN000031,379.66,Branch 03,Employee 033,Other,Approved
2025-01-04,TXN000032,870.46,Branch 28,Employee 007,Supplies,Approved
2025-03-23,TXN000033,3090.156637463265,Branch 48,Employee 083,Beverage,Approved
2025-12-24,TXN000034,288.46,Branch 21,Employee 062,Supplies,Flagged
2025-08-05,TXN000035,664.51,Branch 39,Employee 048,Services,Approved
2025-06-24,TXN000036,255.83,Branch 17,Employee 071,Other,Approved
2025-05-23,TXN000037,541.77,Branch 02,Employee 014,Other,Approved
2025-03-21,TXN000038,108.07,Branch 06,Employee 092,Other,Approved
2025-04-21,TXN000039,234.36,Branch 15,Employee 067,Supplies,Flagged
2025-06-22,TXN000040,539.37,Branch 44,Employee 016,Services,Flagged
2025-02-22,TXN000041,647.69,Branch 37,Employee 037,Beverage,Approved
2025-02-17,TXN000042,534.27,Branch 38,Employee 011,Beverage,Approved
2025-07-14,TXN000043,476.87,Branch 02,Employee 098,Supplies,Approved
2025-02-19,TXN000044,439.78,Branch 49,Employee 021,Other,Approved
2025-07-03,TXN000045,204.3,Branch 44,Employee 035,Food,Approved
2025-06-26,TXN000046,356.03,Branch 18,Employee 058,Supplies,Approved
2025-11-06,TXN000047,407.87,Branch 37,Employee 066,Supplies,Approved
2025-05-16,TXN000048,711.42,Branch 03,Employee 019,Services,Approved
2025-01-23,TXN000049,568.72,Branch 49,Employee 056,Beverage,Flagged
2025-08-24,TXN000050,147.39,Branch 49,Employee 012,Supplies,Approved
2025-10-02,TXN000051,564.82,Branch 12,Employee 029,Supplies,Approved
2025-03-05,TXN000052,422.98,Branch 31,Employee 058,Other,Pending
2025-07-13,TXN000053,364.62,Branch 34,Employee 045,Other,Approved
2025-02-10,TXN000054,622.34,Branch 42,Employee 004,Food,Approved
2025-10-10,TXN000055,706.2,Branch 29,Employee 054,Services,Flagged
2025-05-31,TXN000056,686.26,Branch 18,Employee 007,Food,Pending
2025-11-18,TXN000057,332.16,Branch 12,Employee 051,Other,Approved
2025-11-13,TXN000058,438.16,Branch 38,Employee 065,Beverage,Approved
2025-07-05,TXN000059,566.25,Branch 28,Employee 048,Other,Approved
2025-10-23,TXN000060,695.11,Branch 41,Employee 031,Services,Approved
2025-04-09,TXN000061,404.17,Branch 32,Employee 050,Other,Pending
2025-12-27,TXN000062,462.87,Branch 06,Employee 011,Services,Approved
2025-02-05,TXN000063,278.73,Branch 31,Employee 048,Services,Approved
2025-01-24,TXN000064,260.76,Branch 23,Employee 029,Services,Approved
2025-12-05,TXN000065,662.51,Branch 27,Employee 004,Services,Approved
2025-04-27,TXN000066,4370.626638717275,Branch 22,Employee 041,Services,Approved
2025-05-29,TXN000067,485.6,Branch 21,Employee 013,Beverage,Approved
2025-02-10,TXN000068,700.71,Branch 43,Employee 092,Food,Pending
2025-04-30,TXN000069,572.33,Branch 07,Employee 084,Supplies,Approved
2025-02-21,TXN000070,370.98,Branch 11,Employee 043,Food,Approved
2025-07-14,TXN000071,572.28,Branch 22,Employee 019,Services,Approved
2025-05-23,TXN000072,807.61,Branch 27,Employee 018,Beverage,Approved
2025-08-21,TXN000073,492.83,Branch 45,Employee 005,Other,Approved
2025-11-22,TXN000074,812.93,Branch 32,Employee 037,Beverage,Approved
2025-07-06,TXN000075,-23.95,Branch 19,Employee 061,Services,Approved
2025-03-25,TXN000076,664.38,Branch 43,Employee 090,Beverage,Approved
2025-07-09,TXN000077,517.41,Branch 26,Employee 018,Beverage,Approved
2025-07-01,TXN000078,2018.603738467656,Branch 49,Employee 098,Services,Approved
2025-04-18,TXN000079,518.35,Branch 36,Employee 091,Beverage,Approved
2025-12-10,TXN000080,102.49,Branch 03,Employee 061,Supplies,Approved
2025-05-17,TXN000081,456.07,Branch 30,Employee 058,Supplies,Approved
2025-12-26,TXN000082,571.42,Branch 06,Employee 079,Beverage,Approved
2025-12-16,TXN000083,795.58,Branch 21,Employee 001,Other,Approved
2025-11-28,TXN000084,396.35,Branch 17,Employee 011,Services,Approved
2025-02-06,TXN000085,338.3,Branch 21,Employee 003,Supplies,Approved
2025-11-08,TXN000086,399.65,Branch 08,Employee 033,Other,Flagged
2025-11-22,TXN000087,683.08,Branch 50,Employee 028,Beverage,Approved
2025-03-29,TXN000088,565.75,Branch 26,Employee 020,Other,Approved
2025-10-01,TXN000089,394.05,Branch 33,Employee 071,Food,Approved
2025-05-06,TXN000090,602.65,Branch 01,Employee 094,Supplies,Pending
2025-03-25,TXN000091,519.42,Branch 43,Employee 078,Beverage,Approved
2025-08-25,TXN000092,693.73,Branch 35,Employee 068,Services,Approved
2025-07-14,TXN000093,359.59,Branch 30,Employee 055,Beverage,Approved
2025-05-19,TXN000094,434.47,Branch 27,Employee 015,Services,Approved
2025-11-24,TXN000095,421.58,Branch 04,Employee 100,Beverage,Approved
2025-12-19,TXN000096,207.3,Branch 13,Employee 037,Other,Approved
2025-10-13,TXN000097,559.22,Branch 34,Employee 031,Other,Pending
2025-04-23,TXN000098,552.21,Branch 24,Employee 039,Other,Approved
2025-12-17,TXN000099,501.02,Branch 40,Employee 016,Food,Approved
2025-06-16,TXN000100,453.08,Branch 49,Employee 007,Services,Approved
2025-01-29,TXN000101,216.93,Branch 32,Employee 031,Other,Pending
2025-04-28,TXN000102,415.87,Branch 41,Employee 054,Food,Approved
2025-01-17,TXN000103,431.46,Branch 29,Employee 082,Services,Pending
2025-06-11,TXN000104,339.54,Branch 49,Employee 080,Beverage,Approved
2025-07-25,TXN000105,467.74,Branch 04,Employee 059,Food,Approved
2025-05-18,TXN000106,580.81,Branch 14,Employee 009,Supplies,Approved
2025-02-03,TXN000107,877.24,Branch 18,Employee 015,Food,Approved
2025-04-19,TXN000108,534.92,Branch 36,Employee 064,Food,Approved
2025-10-18,TXN000109,551.51,Branch 09,Employee 077,Services,Approved
2025-06-11,TXN000110,485.11,Branch 19,Employee 069,Beverage,Approved
2025-04-19,TXN000111,116.25,Branch 29,Employee 003,Supplies,Approved
2025-12-02,TXN000112,494.7,Branch 45,Employee 081,Other,Approved
2025-09-13,TXN000113,512.05,Branch 32,Employee 066,Other,Approved
2025-07-22,TXN000114,992.65,Branch 08,Employee 074,Food,Approved
2025-11-26,TXN000115,461.53,Branch 02,Employee 031,Services,Approved
2025-08-23,TXN000116,560.31,Branch 41,Employee 092,Services,Approved
2025-03-15,TXN000117,2730.5261330399903,Branch 39,Employee 019,Other,Flagged
2025-05-16,TXN000118,266.26,Branch 16,Employee 038,Supplies,Approved
2025-03-13,TXN000119,728.56,Branch 46,Employee 055,Beverage,Approved
2025-05-07,TXN000120,650.39,Branch 11,Employee 001,Supplies,Flagged
2025-10-15,TXN000121,658.21,Branch 20,Employee 079,Beverage,Approved
2025-10-03,TXN000122,318.12,Branch 36,Employee 046,Other,Approved
2025-05-15,TXN000123,780.56,Branch 01,Employee 031,Beverage,Approved
2025-10-27,TXN000124,219.63,Branch 36,Employee 074,Services,Flagged
2025-08-08,TXN000125,617.37,Branch 27,Employee 054,Food,Approved
2025-10-26,TXN000126,938.09,Branch 06,Employee 024,Food,Approved
2025-07-24,TXN000127,301.89,Branch 15,Employee 086,Other,Approved
2025-07-05,TXN000128,386.74,Branch 08,Employee 086,Services,Approved
2025-04-23,TXN000129,519.93,Branch 30,Employee 011,Supplies,Approved
2025-03-12,TXN000130,399.3,Branch 08,Employee 068,Services,Approved
2025-09-18,TXN000131,189.87,Branch 42,Employee 047,Food,Approved
2025-09-10,TXN000132,513.71,Branch 10,Employee 009,Food,Approved
2025-02-16,TXN000133,287.54,Branch 32,Employee 068,Services,Approved
2025-01-25,TXN000134,594.72,Branch 46,Employee 070,Services,Approved
2025-02-26,TXN000135,316.12,Branch 19,Employee 065,Food,Approved
2025-03-20,TXN000136,809.99,Branch 33,Employee 065,Supplies,Approved
2025-11-18,TXN000137,343.35,Branch 46,Employee 071,Other,Approved
2025-03-23,TXN000138,435.59,Branch 18,Employee 003,Other,Approved
2025-12-15,TXN000139,662.7,Branch 27,Employee 050,Services,Approved
2025-08-05,TXN000140,253.83,Branch 31,Employee 061,Other,Approved
2025-11-02,TXN000141,545.49,Branch 31,Employee 006,Food,Approved
2025-02-02,TXN000142,761.43,Branch 16,Employee 082,Food,Approved
2025-07-17,TXN000143,178.5,Branch 30,Employee 050,Services,Approved
2025-07-15,TXN000144,536.93,Branch 36,Employee 048,Services,Pending
2025-11-02,TXN000145,551.98,Branch 10,Employee 033,Services,Pending
2025-08-28,TXN000146,3362.5330912248473,Branch 25,Employee 096,Supplies,Approved
2025-09-28,TXN000147,252.61,Branch 13,Employee 003,Other,Approved
2025-05-09,TXN000148,235.91,Branch 39,Employee 046,Services,Flagged
2025-10-11,TXN000149,604.39,Branch 33,Employee 009,Beverage,Approved
2025-01-06,TXN000150,559.4,Branch 48,Employee 045,Beverage,Approved
2025-12-15,TXN000151,550.1,Branch 09,Employee 031,Food,Approved
2025-02-28,TXN000152,569.29,Branch 05,Employee 094,Other,Approved
2025-12-16,TXN000153,364.0,Branch 18,Employee 085,Services,Approved
2025-10-02,TXN000154,546.45,Branch 50,Employee 081,Beverage,Approved
2025-05-17,TXN000155,558.61,Branch 27,Employee 014,Other,Approved
2025-11-25,TXN000156,357.13,Branch 22,Employee 099,Food,Approved
2025-06-24,TXN000157,873.15,Branch 33,Employee 075,Supplies,Approved
2025-02-27,TXN000158,594.77,Branch 18,Employee 095,Other,Approved
2025-05-31,TXN000159,1427.9837557414287,Branch 01,Employee 097,Other,Approved
2025-08-11,TXN000160,631.31,Branch 19,Employee 043,Supplies,Approved
2025-03-22,TXN000161,305.06,Branch 47,Employee 018,Other,Approved
2025-08-21,TXN000162,657.42,Branch 20,Employee 006,Food,Approved
2025-01-02,TXN000163,731.72,Branch 38,Employee 046,Food,Approved
2025-05-15,TXN000164,335.86,Branch 38,Employee 070,Supplies,Pending
2025-09-14,TXN000165,692.68,Branch 43,Employee 044,Services,Approved
2025-04-02,TXN000166,582.56,Branch 32,Employee 083,Beverage,Flagged
2025-09-17,TXN000167,664.41,Branch 10,Employee 023,Services,Approved
2025-02-24,TXN000168,879.36,Branch 29,Employee 100,Other,Approved
2025-11-17,TXN000169,450.92,Branch 35,Employee 088,Beverage,Approved
2025-06-02,TXN000170,349.25,Branch 31,Employee 060,Supplies,Pending
2025-11-24,TXN000171,322.1,Branch 23,Employee 090,Supplies,Approved
2025-09-17,TXN000172,336.84,Branch 22,Employee 062,Beverage,Approved
2025-11-08,TXN000173,484.58,Branch 36,Employee 081,Food,Approved
2025-04-12,TXN000174,568.23,Branch 49,Employee 024,Beverage,Approved
2025-03-20,TXN000175,555.34,Branch 35,Employee 018,Other,Approved
2025-07-11,TXN000176,665.44,Branch 25,Employee 009,Food,Pending
2025-03-24,TXN000177,502.6,Branch 30,Employee 092,Supplies,Approved
2025-10-04,TXN000178,790.71,Branch 21,Employee 100,Beverage,Approved
2025-09-29,TXN000179,447.07,Branch 13,Employee 059,Services,Approved
2025-01-01,TXN000180,1044.03,Branch 45,Employee 005,Services,Approved
2025-11-03,TXN000181,625.13,Branch 16,Employee 038,Other,Approved
2025-06-15,TXN000182,328.57,Branch 37,Employee 026,Services,Approved
2025-09-08,TXN000183,285.82,Branch 25,Employee 006,Beverage,Approved
2025-01-10,TXN000184,596.49,Branch 15,Employee 026,Beverage,Flagged
2025-02-27,TXN000185,455.31,Branch 50,Employee 006,Services,Approved
2025-07-05,TXN000186,642.8,Branch 27,Employee 041,Beverage,Approved
2025-06-07,TXN000187,594.65,Branch 03,Employee 040,Other,Approved
2025-05-03,TXN000188,485.43,Branch 21,Employee 066,Food,Flagged
2025-01-30,TXN000189,330.64,Branch 48,Employee 051,Other,Approved
2025-05-04,TXN000190,197.03,Branch 31,Employee 070,Other,Approved
2025-10-18,TXN000191,410.7,Branch 46,Employee 061,Beverage,Pending
2025-02-10,TXN000192,671.28,Branch 25,Employee 033,Food,Approved
2025-02-13,TXN000193,542.82,Branch 25,Employee 005,Beverage,Approved
2025-09-06,TXN000194,250.85,Branch 43,Employee 097,Supplies,Approved
2025-02-05,TXN000195,534.64,Branch 42,Employee 083,Beverage,Pending
2025-09-30,TXN000196,577.06,Branch 10,Employee 025,Beverage,Approved
2025-03-06,TXN000197,323.23,Branch 32,Employee 037,Beverage,Approved
2025-03-07,TXN000198,1713.5865755795983,Branch 03,Employee 046,Food,Approved
2025-12-04,TXN000199,511.64,Branch 09,Employee 100,Beverage,Approved
2025-09-01,TXN000200,271.41,Branch 33,Employee 007,Food,Approved
2025-10-09,TXN000201,571.56,Branch 38,Employee 084,Services,Approved
2025-03-26,TXN000202,612.16,Branch 22,Employee 043,Supplies,Approved
2025-05-16,TXN000203,716.61,Branch 07,Employee 035,Food,Approved
2025-09-28,TXN000204,710.76,Branch 29,Employee 016,Services,Approved
2025-11-07,TXN000205,224.47,Branch 07,Employee 048,Food,Approved
2025-08-05,TXN000206,312.43,Branch 34,Employee 056,Food,Pending
2025-04-19,TXN000207,603.01,Branch 30,Employee 052,Supplies,Approved
2025-10-04,TXN000208,602.76,Branch 01,Employee 096,Other,Approved
2025-12-20,TXN000209,603.01,Branch 47,Employee 057,Other,Approved
2025-04-13,TXN000210,1270.55,Branch 10,Employee 050,Food,Approved
2026-01-01,TXN000211,614.18,Branch 27,Employee 044,Beverage,Approved
2025-06-09,TXN000212,727.11,Branch 42,Employee 024,Services,Approved
2025-07-24,TXN000213,690.8,Branch 10,Employee 064,Beverage,Approved
2025-12-10,TXN000214,630.28,Branch 05,Employee 089,Beverage,Approved
2025-11-29,TXN000215,436.95,Branch 31,Employee 064,Food,Approved
2025-07-11,TXN000216,651.79,Branch 17,Employee 048,Food,Approved
2025-08-13,TXN000217,345.43,Branch 22,Employee 067,Food,Approved
2025-09-22,TXN000218,452.64,Branch 40,Employee 035,Food,Approved
2025-08-20,TXN000219,402.93,Branch 45,Employee 011,Other,Approved
2025-03-03,TXN000220,516.37,Branch 26,Employee 094,Food,Approved
2025-05-07,TXN000221,962.93,Branch 42,Employee 055,Other,Pending
2025-04-26,TXN000222,126.55,Branch 06,Employee 011,Other,Approved
2025-02-02,TXN000223,637.25,Branch 22,Employee 056,Food,Approved
2025-06-23,TXN000224,177.46,Branch 44,Employee 078,Supplies,Approved
2025-01-11,TXN000225,405.61,Branch 35,Employee 024,Services,Approved
2025-10-29,TXN000226,717.79,Branch 25,Employee 070,Beverage,Approved
2025-10-11,TXN000227,512.86,Branch 21,Employee 038,Other,Pending
2025-04-28,TXN000228,284.45,Branch 41,Employee 042,Services,Approved
2025-10-29,TXN000229,356.94,Branch 46,Employee 014,Supplies,Approved
2025-04-23,TXN000230,635.92,Branch 49,Employee 011,Beverage,Approved
2025-01-04,TXN000231,353.93,Branch 32,Employee 042,Beverage,Pending
2025-02-06,TXN000232,543.29,Branch 35,Employee 085,Other,Approved
2025-12-29,TXN000233,2583.480372310252,Branch 03,Employee 038,Food,Approved
2025-11-20,TXN000234,369.68,Branch 40,Employee 040,Supplies,Approved
2025-01-31,TXN000235,928.79,Branch 05,Employee 058,Other,Approved
2025-04-28,TXN000236,626.78,Branch 16,Employee 078,Supplies,Approved
2025-02-04,TXN000237,94.97,Branch 41,Employee 092,Food,Flagged
2025-01-17,TXN000238,537.29,Branch 44,Employee 055,Food,Approved
2025-06-19,TXN000239,367.64,Branch 19,Employee 022,Other,Pending
2025-02-06,TXN000240,3551.757429946796,Branch 15,Employee 089,Food,Approved
2025-09-21,TXN000241,341.5,Branch 48,Employee 057,Services,Approved
2025-05-02,TXN000242,477.05,Branch 06,Employee 045,Beverage,Approved
2025-05-23,TXN000243,601.0,Branch 28,Employee 058,Other,Approved
2025-12-09,TXN000244,3831.756620565755,Branch 07,Employee 006,Supplies,Pending
2025-09-06,TXN000245,259.94,Branch 49,Employee 094,Services,Approved
2025-04-20,TXN000246,433.1,Branch 41,Employee 046,Other,Approved
2025-10-04,TXN000247,405.01,Branch 46,Employee 079,Food,Approved
2025-03-09,TXN000248,369.33,Branch 07,Employee 056,Food,Approved
2025-10-20,TXN000249,853.09,Branch 29,Employee 036,Food,Approved
2025-10-23,TXN000250,581.0,Branch 11,Employee 082,Food,Approved
2025-08-31,TXN000251,247.82,Branch 45,Employee 008,Supplies,Approved
2025-05-05,TXN000252,683.57,Branch 20,Employee 010,Services,Pending
2025-08-31,TXN000253,924.43,Branch 02,Employee 086,Beverage,Approved
2025-07-28,TXN000254,706.49,Branch 03,Employee 082,Supplies,Approved
2025-04-08,TXN000255,196.13,Branch 21,Employee 052,Supplies,Approved
2025-02-18,TXN000256,403.15,Branch 04,Employee 047,Beverage,Approved
2025-02-19,TXN000257,753.38,Branch 19,Employee 066,Beverage,Approved
2025-12-04,TXN000258,358.47,Branch 23,Employee 096,Food,Approved
2025-08-09,TXN000259,588.76,Branch 24,Employee 087,Supplies,Pending
2025-07-01,TXN000260,654.93,Branch 28,Employee 021,Other,Approved
2025-08-05,TXN000261,314.61,Branch 10,Employee 004,Beverage,Approved
2025-07-30,TXN000262,488.09,Branch 16,Employee 019,Beverage,Approved
2025-08-28,TXN000263,-148.25,Branch 34,Employee 078,Services,Approved
2025-01-28,TXN000264,295.12,Branch 27,Employee 087,Other,Approved
2025-12-11,TXN000265,449.49,Branch 37,Employee 057,Other,Approved
2025-12-01,TXN000266,250.44,Branch 44,Employee 005,Beverage,Approved
2025-11-27,TXN000267,826.48,Branch 12,Employee 017,Food,Approved
2025-02-20,TXN000268,213.97,Branch 11,Employee 009,Services,Approved
2025-02-01,TXN000269,411.99,Branch 12,Employee 031,Other,Approved
2025-07-26,TXN000270,526.15,Branch 06,Employee 100,Beverage,Flagged
2025-06-23,TXN000271,788.25,Branch 40,Employee 083,Other,Approved
2025-02-25,TXN000272,212.83,Branch 25,Employee 047,Services,Approved
2025-05-08,TXN000273,732.63,Branch 40,Employee 047,Services,Approved
2025-04-09,TXN000274,2768.5352599586176,Branch 44,Employee 050,Supplies,Approved
2025-04-08,TXN000275,303.7,Branch 16,Employee 073,Beverage,Approved
2025-10-02,TXN000276,592.42,Branch 32,Employee 005,Services,Approved
2025-08-18,TXN000277,539.81,Branch 38,Employee 078,Supplies,Pending
2025-03-13,TXN000278,379.96,Branch 10,Employee 020,Supplies,Approved
2025-08-05,TXN000279,513.96,Branch 15,Employee 087,Other,Approved
2025-04-04,TXN000280,422.94,Branch 30,Employee 058,Other,Approved
2025-05-23,TXN000281,522.7,Branch 41,Employee 048,Supplies,Approved
2025-08-25,TXN000282,632.43,Branch 17,Employee 048,Other,Approved
2025-05-08,TXN000283,817.2,Branch 30,Employee 057,Services,Approved
2025-02-08,TXN000284,252.44,Branch 17,Employee 098,Food,Pending
2025-08-15,TXN000285,926.61,Branch 43,Employee 010,Services,Approved
2025-10-09,TXN000286,946.7713840590632,Branch 01,Employee 074,Supplies,Approved
2025-02-20,TXN000287,469.64,Branch 30,Employee 018,Supplies,Approved
2025-01-26,TXN000288,617.66,Branch 19,Employee 068,Services,Pending
2025-11-30,TXN000289,556.2,Branch 44,Employee 047,Other,Approved
2025-10-04,TXN000290,375.46,Branch 35,Employee 051,Other,Approved
2025-01-08,TXN000291,458.38,Branch 11,Employee 041,Supplies,Approved
2025-02-17,TXN000292,401.4,Branch 05,Employee 084,Beverage,Approved
2025-05-02,TXN000293,382.13,Branch 29,Employee 036,Other,Approved
2025-03-27,TXN000294,669.92,Branch 23,Employee 032,Services,Approved
2025-07-28,TXN000295,571.4,Branch 38,Employee 015,Other,Approved
2025-09-06,TXN000296,361.42,Branch 20,Employee 004,Services,Pending
2025-09-04,TXN000297,679.92,Branch 41,Employee 095,Supplies,Approved
2025-04-20,TXN000298,561.46,Branch 28,Employee 024,Other,Approved
2025-07-25,TXN000299,662.57,Branch 45,Employee 064,Services,Approved
2025-01-31,TXN000300,625.93,Branch 17,Employee 067,Supplies,Approved
2025-03-26,TXN000301,334.2,Branch 30,Employee 050,Beverage,Approved
2025-07-14,TXN000302,387.96,Branch 20,Employee 072,Services,Approved
2025-01-02,TXN000303,649.46,Branch 13,Employee 016,Beverage,Approved
2025-07-19,TXN000304,622.07,Branch 25,Employee 034,Beverage,Approved
2025-05-16,TXN000305,495.82,Branch 31,Employee 100,Food,Approved
2025-08-21,TXN000306,523.47,Branch 07,Employee 034,Other,Approved
2025-05-27,TXN000307,755.53,Branch 16,Employee 091,Services,Pending
2025-08-05,TXN000308,381.69,Branch 25,Employee 058,Beverage,Approved
2025-12-23,TXN000309,609.42,Branch 37,Employee 028,Food,Approved
2025-10-12,TXN000310,3353.773357823767,Branch 23,Employee 079,Supplies,Approved
2025-12-05,TXN000311,456.46,Branch 37,Employee 037,Services,Approved
2025-09-07,TXN000312,719.76,Branch 19,Employee 089,Beverage,Approved
2025-03-21,TXN000313,665.08,Branch 45,Employee 063,Other,Approved
2025-04-08,TXN000314,662.7,Branch 19,Employee 026,Food,Approved
2025-06-01,TXN000315,761.1,Branch 02,Employee 016,Beverage,Approved
2025-04-22,TXN000316,504.2,Branch 43,Employee 018,Other,Approved
2025-01-30,TXN000317,636.39,Branch 26,Employee 010,Beverage,Approved
2025-10-24,TXN000318,437.95,Branch 18,Employee 058,Services,Approved
2025-10-05,TXN000319,564.83,Branch 01,Employee 023,Services,Approved
2025-02-01,TXN000320,473.97,Branch 37,Employee 092,Services,Approved
2025-06-10,TXN000321,519.4,Branch 44,Employee 057,Food,Approved
2025-01-30,TXN000322,619.03,Branch 50,Employee 012,Services,Approved
2025-01-26,TXN000323,336.36,Branch 48,Employee 088,Other,Flagged
2025-10-27,TXN000324,918.48,Branch 04,Employee 041,Beverage,Approved
2025-09-02,TXN000325,298.8,Branch 39,Employee 086,Supplies,Flagged
2025-09-15,TXN000326,862.1151904880722,Branch 48,Employee 045,Other,Approved
2025-09-29,TXN000327,731.62,Branch 32,Employee 091,Other,Approved
2025-03-22,TXN000328,6299.039755501147,Branch 19,Employee 009,Services,Approved
2025-01-30,TXN000329,624.82,Branch 50,Employee 071,Food,Approved
2025-09-18,TXN000330,625.67,Branch 15,Employee 070,Beverage,Pending
2025-02-11,TXN000331,497.55,Branch 39,Employee 038,Food,Approved
2025-04-06,TXN000332,320.55,Branch 23,Employee 039,Beverage,Approved
2025-02-05,TXN000333,515.16,Branch 15,Employee 021,Beverage,Approved
2025-11-01,TXN000334,2324.106295122447,Branch 41,Employee 092,Food,Approved
2025-02-04,TXN000335,695.02,Branch 13,Employee 091,Other,Approved
2025-12-12,TXN000336,470.59,Branch 40,Employee 090,Beverage,Approved
2025-05-01,TXN000337,334.9,Branch 17,Employee 082,Food,Approved
2025-07-26,TXN000338,435.72,Branch 44,Employee 023,Beverage,Approved
2025-03-03,TXN000339,582.59,Branch 49,Employee 047,Supplies,Approved
2025-10-19,TXN000340,387.26,Branch 47,Employee 066,Other,Approved
2025-05-07,TXN000341,335.56,Branch 50,Employee 029,Services,Approved
2025-10-24,TXN000342,548.74,Branch 43,Employee 016,Beverage,Flagged
2025-11-01,TXN000343,548.99,Branch 44,Employee 026,Supplies,Approved
2025-01-21,TXN000344,398.61,Branch 09,Employee 018,Services,Approved
2025-11-14,TXN000345,405.79,Branch 41,Employee 031,Services,Approved
2025-02-11,TXN000346,546.41,Branch 07,Employee 064,Beverage,Approved
2025-08-03,TXN000347,210.38,Branch 41,Employee 004,Food,Approved
2025-12-03,TXN000348,218.51,Branch 42,Employee 047,Beverage,Flagged
2025-10-26,TXN000349,3115.885743299678,Branch 03,Employee 071,Supplies,Approved
2025-10-17,TXN000350,457.31,Branch 20,Employee 074,Services,Flagged
2025-09-25,TXN000351,562.18,Branch 29,Employee 048,Beverage,Approved
2025-06-11,TXN000352,795.07,Branch 03,Employee 060,Food,Approved
2025-05-14,TXN000353,4258.475789957953,Branch 38,Employee 071,Beverage,Approved
2025-04-15,TXN000354,468.01,Branch 24,Employee 017,Other,Approved
2025-12-09,TXN000355,496.2,Branch 47,Employee 079,Food,Approved
2025-06-10,TXN000356,299.49,Branch 09,Employee 012,Supplies,Approved
2025-05-03,TXN000357,496.3,Branch 06,Employee 009,Services,Approved
2025-05-16,TXN000358,442.27,Branch 19,Employee 040,Beverage,Approved
2025-07-22,TXN000359,564.54,Branch 21,Employee 051,Food,Approved
2025-03-09,TXN000360,334.55,Branch 48,Employee 092,Other,Approved
2025-12-10,TXN000361,2034.6534938457478,Branch 27,Employee 093,Food,Approved
2025-11-27,TXN000362,806.55,Branch 12,Employee 062,Other,Approved
2025-06-03,TXN000363,478.25,Branch 13,Employee 068,Supplies,Approved
2025-08-23,TXN000364,580.34,Branch 09,Employee 053,Services,Approved
2025-06-11,TXN000365,638.03,Branch 35,Employee 099,Supplies,Approved
2025-02-07,TXN000366,419.76,Branch 24,Employee 053,Beverage,Approved
2025-01-05,TXN000367,544.82,Branch 34,Employee 074,Food,Flagged
2025-08-23,TXN000368,502.52,Branch 33,Employee 010,Other,Approved
2025-11-15,TXN000369,519.54,Branch 18,Employee 017,Other,Approved
2025-10-16,TXN000370,345.4,Branch 11,Employee 041,Food,Approved
2025-02-21,TXN000371,504.9,Branch 17,Employee 083,Food,Approved
2025-02-07,TXN000372,599.6,Branch 31,Employee 010,Beverage,Approved
2025-10-03,TXN000373,790.23,Branch 19,Employee 058,Supplies,Approved
2025-04-20,TXN000374,691.85,Branch 48,Employee 060,Other,Approved
2025-09-17,TXN000375,930.64,Branch 22,Employee 088,Beverage,Approved
2025-05-16,TXN000376,346.53,Branch 08,Employee 067,Supplies,Approved
2025-03-09,TXN000377,674.46,Branch 30,Employee 045,Beverage,Approved
2025-06-28,TXN000378,536.67,Branch 05,Employee 017,Other,Approved
2025-02-05,TXN000379,937.96,Branch 10,Employee 100,Food,Pending
2025-05-06,TXN000380,338.34,Branch 49,Employee 071,Food,Approved
2025-07-09,TXN000381,332.06,Branch 15,Employee 082,Supplies,Pending
2025-05-26,TXN000382,380.12,Branch 44,Employee 076,Services,Approved
2025-03-22,TXN000383,75.22,Branch 47,Employee 024,Supplies,Approved
2025-08-13,TXN000384,394.85,Branch 44,Employee 099,Services,Approved
2025-10-06,TXN000385,348.17,Branch 26,Employee 017,Beverage,Approved
2025-12-27,TXN000386,530.08,Branch 36,Employee 056,Beverage,Approved
2025-06-04,TXN000387,568.35,Branch 24,Employee 065,Other,Approved
2025-11-10,TXN000388,875.23,Branch 06,Employee 008,Services,Approved
2025-12-01,TXN000389,690.08,Branch 26,Employee 016,Other,Approved
2025-09-28,TXN000390,384.62,Branch 01,Employee 067,Food,Approved
2025-01-05,TXN000391,320.32,Branch 17,Employee 020,Services,Approved
2025-12-08,TXN000392,598.38,Branch 35,Employee 039,Supplies,Approved
2025-10-11,TXN000393,235.95,Branch 08,Employee 022,Food,Approved
2025-06-03,TXN000394,866.29,Branch 30,Employee 021,Food,Flagged
2025-12-06,TXN000395,735.89,Branch 24,Employee 042,Supplies,Pending
2025-02-23,TXN000396,406.16,Branch 44,Employee 091,Food,Approved
2025-03-10,TXN000397,157.37,Branch 48,Employee 029,Services,Approved
2025-05-16,TXN000398,770.77,Branch 44,Employee 045,Other,Approved
2025-03-01,TXN000399,477.09,Branch 17,Employee 067,Food,Approved
2025-02-24,TXN000400,747.56,Branch 38,Employee 037,Services,Approved
2025-10-11,TXN000401,181.11,Branch 25,Employee 011,Beverage,Approved
2025-03-21,TXN000402,380.12,Branch 41,Employee 033,Services,Approved
2025-05-20,TXN000403,501.05,Branch 24,Employee 026,Other,Approved
2025-05-25,TXN000404,509.4,Branch 07,Employee 082,Services,Approved
2025-11-06,TXN000405,409.99,Branch 44,Employee 071,Supplies,Approved
2025-04-18,TXN000406,624.57,Branch 15,Employee 036,Other,Pending
2025-06-25,TXN000407,286.48,Branch 31,Employee 017,Beverage,Approved
2025-04-15,TXN000408,471.52,Branch 02,Employee 081,Supplies,Approved
2025-12-18,TXN000409,524.06,Branch 40,Employee 039,Services,Pending
2025-11-21,TXN000410,602.89,Branch 36,Employee 079,Other,Approved
2025-05-16,TXN000411,642.32,Branch 21,Employee 069,Beverage,Approved
2025-09-16,TXN000412,275.07,Branch 40,Employee 012,Supplies,Approved
2025-09-08,TXN000413,193.18,Branch 15,Employee 065,Beverage,Approved
2025-05-09,TXN000414,755.54,Branch 42,Employee 083,Services,Approved
2025-01-27,TXN000415,566.46,Branch 05,Employee 022,Beverage,Approved
2025-02-17,TXN000416,350.3,Branch 41,Employee 076,Food,Flagged
2025-11-21,TXN000417,810.23,Branch 30,Employee 075,Supplies,Approved
2025-08-05,TXN000418,523.13,Branch 45,Employee 020,Beverage,Approved
2025-05-22,TXN000419,735.86,Branch 20,Employee 022,Services,Approved
2025-01-23,TXN000420,513.5,Branch 42,Employee 085,Services,Approved
2025-01-02,TXN000421,912.15,Branch 27,Employee 080,Beverage,Approved
2025-06-20,TXN000422,851.07,Branch 08,Employee 093,Services,Approved
2025-03-08,TXN000423,450.21,Branch 09,Employee 078,Other,Approved
2025-11-23,TXN000424,694.31,Branch 03,Employee 044,Other,Approved
2025-05-15,TXN000425,629.08,Branch 03,Employee 073,Other,Flagged
2025-03-24,TXN000426,773.73,Branch 20,Employee 006,Food,Approved
2025-08-15,TXN000427,307.02,Branch 32,Employee 004,Beverage,Approved
2025-10-10,TXN000428,637.21,Branch 08,Employee 011,Food,Approved
2025-12-28,TXN000429,711.68,Branch 07,Employee 006,Services,Pending
2025-08-07,TXN000430,148.25,Branch 16,Employee 083,Food,Approved
2025-10-15,TXN000431,263.35,Branch 35,Employee 099,Services,Pending
2025-01-05,TXN000432,92.15,Branch 09,Employee 074,Services,Approved
2025-02-27,TXN000433,446.12,Branch 25,Employee 034,Supplies,Approved
2025-02-08,TXN000434,643.51,Branch 30,Employee 084,Other,Approved
2025-12-20,TXN000435,800.47,Branch 24,Employee 027,Services,Approved
2025-03-18,TXN000436,514.82,Branch 43,Employee 099,Supplies,Approved
2025-10-07,TXN000437,825.72,Branch 48,Employee 074,Other,Approved
2025-01-19,TXN000438,223.98,Branch 45,Employee 054,Services,Approved
2025-07-09,TXN000439,159.32,Branch 35,Employee 080,Services,Approved
2025-10-26,TXN000440,488.89,Branch 27,Employee 082,Food,Flagged
2025-10-10,TXN000441,576.81,Branch 38,Employee 004,Food,Approved
2025-03-17,TXN000442,493.46,Branch 48,Employee 064,Other,Flagged
2025-08-09,TXN000443,86.51,Branch 47,Employee 081,Services,Approved
2025-03-07,TXN000444,482.18,Branch 10,Employee 070,Beverage,Approved
2025-01-22,TXN000445,239.11,Branch 27,Employee 038,Food,Approved
2025-06-07,TXN000446,633.93,Branch 42,Employee 083,Other,Approved
2025-07-06,TXN000447,573.32,Branch 07,Employee 039,Services,Approved
2025-01-21,TXN000448,2772.7223507394056,Branch 32,Employee 062,Services,Approved
2025-07-03,TXN000449,397.23,Branch 40,Employee 032,Beverage,Approved
2025-04-18,TXN000450,288.16,Branch 27,Employee 088,Other,Pending
2025-12-16,TXN000451,487.46,Branch 18,Employee 052,Services,Approved
2025-05-08,TXN000452,691.03,Branch 03,Employee 039,Food,Approved
2025-12-08,TXN000453,302.85,Branch 45,Employee 059,Beverage,Pending
2025-02-22,TXN000454,600.81,Branch 24,Employee 010,Other,Approved
2025-07-01,TXN000455,393.95,Branch 14,Employee 089,Beverage,Approved
2025-10-14,TXN000456,341.43,Branch 29,Employee 008,Food,Approved
2025-07-28,TXN000457,478.59,Branch 29,Employee 021,Other,Approved
2025-11-14,TXN000458,292.95,Branch 16,Employee 057,Beverage,Approved
2025-03-21,TXN000459,389.27,Branch 24,Employee 054,Supplies,Approved
2025-05-02,TXN000460,260.42,Branch 07,Employee 062,Food,Approved
2025-03-25,TXN000461,892.95,Branch 44,Employee 060,Food,Approved
2025-04-01,TXN000462,507.05,Branch 24,Employee 027,Food,Approved
2025-07-31,TXN000463,360.05,Branch 35,Employee 044,Supplies,Approved
2025-01-13,TXN000464,542.8,Branch 42,Employee 078,Supplies,Approved
2025-04-02,TXN000465,477.53,Branch 23,Employee 019,Services,Approved
2025-06-20,TXN000466,455.81,Branch 04,Employee 041,Beverage,Approved
2025-07-30,TXN000467,622.83,Branch 26,Employee 092,Services,Approved
2025-12-09,TXN000468,651.5,Branch 18,Employee 041,Beverage,Pending
2025-05-08,TXN000469,393.9,Branch 13,Employee 094,Supplies,Approved
2025-05-17,TXN000470,384.84,Branch 08,Employee 045,Supplies,Approved
2025-03-23,TXN000471,444.99,Branch 30,Employee 052,Services,Approved
2025-12-26,TXN000472,39.62,Branch 06,Employee 017,Other,Approved
2025-02-25,TXN000473,196.96,Branch 43,Employee 098,Services,Approved
2025-07-15,TXN000474,773.37,Branch 14,Employee 048,Beverage,Approved
2025-01-20,TXN000475,828.99,Branch 42,Employee 066,Services,Approved
2025-08-29,TXN000476,450.19,Branch 41,Employee 072,Food,Approved
2025-04-24,TXN000477,615.31,Branch 39,Employee 014,Beverage,Approved
2025-04-13,TXN000478,562.25,Branch 02,Employee 041,Beverage,Pending
2025-08-24,TXN000479,1115.78,Branch 04,Employee 031,Other,Approved
2025-06-29,TXN000480,723.91,Branch 22,Employee 060,Supplies,Approved
2025-06-06,TXN000481,474.42,Branch 16,Employee 016,Beverage,Approved
2025-04-27,TXN000482,308.89,Branch 09,Employee 035,Supplies,Approved
2025-04-25,TXN000483,178.71,Branch 37,Employee 058,Services,Approved
2025-01-13,TXN000484,540.69,Branch 14,Employee 032,Food,Approved
2025-12-04,TXN000485,348.73,Branch 05,Employee 019,Other,Approved
2025-04-09,TXN000486,215.55,Branch 49,Employee 013,Supplies,Approved
2025-07-24,TXN000487,370.69,Branch 36,Employee 007,Beverage,Approved
2025-06-18,TXN000488,283.69,Branch 14,Employee 038,Supplies,Approved
2025-05-23,TXN000489,837.43,Branch 38,Employee 050,Beverage,Approved
2025-02-05,TXN000490,676.33,Branch 14,Employee 079,Supplies,Approved
2025-05-23,TXN000491,3570.5751769228273,Branch 15,Employee 054,Beverage,Approved
2025-06-29,TXN000492,795.99,Branch 22,Employee 032,Services,Approved
2025-11-25,TXN000493,515.47,Branch 50,Employee 021,Beverage,Approved
2025-09-18,TXN000494,327.74,Branch 10,Employee 042,Beverage,Pending
2025-07-24,TXN000495,804.62,Branch 39,Employee 074,Food,Approved
2025-12-14,TXN000496,607.78,Branch 01,Employee 093,Beverage,Approved
2025-10-02,TXN000497,292.55,Branch 18,Employee 041,Food,Approved
2025-06-19,TXN000498,461.93,Branch 10,Employee 025,Other,Approved
2025-01-15,TXN000499,324.88,Branch 09,Employee 098,Food,Approved
2025-03-01,TXN000500,223.44,Branch 35,Employee 021,Services,Approved
2025-05-14,TXN000501,685.24,Branch 17,Employee 064,Food,Approved
2025-04-02,TXN000502,881.88,Branch 12,Employee 066,Other,Approved
2025-10-25,TXN000503,220.29,Branch 08,Employee 060,Services,Approved
2025-05-16,TXN000504,612.59,Branch 43,Employee 064,Supplies,Approved
2025-01-20,TXN000505,369.87,Branch 02,Employee 040,Supplies,Approved
2025-02-25,TXN000506,402.57,Branch 09,Employee 064,Food,Pending
2025-11-02,TXN000507,381.52,Branch 01,Employee 003,Food,Approved
2025-08-11,TXN000508,327.2,Branch 23,Employee 012,Other,Approved
2025-06-26,TXN000509,509.7,Branch 16,Employee 051,Other,Approved
2025-06-10,TXN000510,333.81,Branch 38,Employee 065,Beverage,Pending
2025-08-12,TXN000511,554.09,Branch 21,Employee 059,Other,Approved
2025-11-07,TXN000512,489.95,Branch 02,Employee 031,Beverage,Approved
2025-09-19,TXN000513,452.21,Branch 12,Employee 028,Services,Approved
2025-03-01,TXN000514,318.49,Branch 17,Employee 075,Food,Approved
2025-07-17,TXN000515,384.65,Branch 04,Employee 046,Services,Approved
2025-10-23,TXN000516,651.08,Branch 09,Employee 007,Other,Approved
2025-04-08,TXN000517,600.18,Branch 48,Employee 007,Services,Approved
2025-05-11,TXN000518,304.49,Branch 27,Employee 037,Services,Approved
2025-01-23,TXN000519,519.87,Branch 34,Employee 064,Services,Approved
2025-12-29,TXN000520,650.28,Branch 08,Employee 077,Other,Pending
2025-08-12,TXN000521,166.12,Branch 48,Employee 084,Services,Approved
2025-01-01,TXN000522,608.67,Branch 05,Employee 087,Beverage,Approved
2025-09-24,TXN000523,367.48,Branch 31,Employee 061,Other,Approved
2025-10-03,TXN000524,614.12,Branch 29,Employee 037,Services,Pending
2025-12-18,TXN000525,347.35,Branch 50,Employee 069,Other,Approved
2025-12-10,TXN000526,139.02,Branch 24,Employee 002,Supplies,Pending
2025-04-11,TXN000527,174.49,Branch 33,Employee 014,Beverage,Approved
2025-07-06,TXN000528,509.62,Branch 38,Employee 056,Services,Approved
2025-08-09,TXN000529,551.94,Branch 07,Employee 018,Supplies,Approved
2025-02-05,TXN000530,319.14,Branch 29,Employee 034,Supplies,Pending
2025-12-07,TXN000531,627.72,Branch 33,Employee 094,Other,Approved
2025-06-19,TXN000532,167.7,Branch 15,Employee 047,Supplies,Pending
2025-11-16,TXN000533,486.78,Branch 40,Employee 098,Beverage,Pending
2025-06-10,TXN000534,257.8,Branch 03,Employee 052,Beverage,Approved
2025-12-06,TXN000535,369.63,Branch 47,Employee 047,Food,Approved
2025-03-05,TXN000536,4448.362404822739,Branch 43,Employee 006,Beverage,Pending
2025-06-03,TXN000537,327.92,Branch 34,Employee 052,Supplies,Approved
2025-09-17,TXN000538,423.09,Branch 20,Employee 007,Beverage,Approved
2025-06-08,TXN000539,701.26,Branch 30,Employee 073,Other,Approved
2025-12-08,TXN000540,384.62,Branch 42,Employee 072,Food,Approved
2025-07-29,TXN000541,667.14,Branch 02,Employee 025,Supplies,Pending
2025-06-17,TXN000542,274.06,Branch 04,Employee 047,Food,Approved
2025-07-26,TXN000543,605.96,Branch 31,Employee 071,Supplies,Approved
2025-12-23,TXN000544,788.31,Branch 26,Employee 037,Other,Approved
2025-06-01,TXN000545,5.67,Branch 28,Employee 010,Food,Approved
2025-10-11,TXN000546,340.62,Branch 44,Employee 050,Services,Pending
2025-03-07,TXN000547,615.41,Branch 07,Employee 065,Supplies,Approved
2025-04-09,TXN000548,459.39,Branch 32,Employee 058,Services,Approved
2025-08-04,TXN000549,574.23,Branch 46,Employee 098,Food,Approved
2025-12-07,TXN000550,379.2,Branch 29,Employee 071,Services,Approved
2025-07-14,TXN000551,517.32,Branch 05,Employee 036,Services,Pending
2025-12-13,TXN000552,468.86,Branch 06,Employee 080,Food,Approved
2025-03-31,TXN000553,733.56,Branch 21,Employee 088,Other,Approved
2025-11-12,TXN000554,550.88,Branch 39,Employee 079,Services,Approved
2025-10-19,TXN000555,567.52,Branch 10,Employee 016,Services,Flagged
2025-06-04,TXN000556,417.62,Branch 05,Employee 017,Other,Approved
2025-07-27,TXN000557,402.48,Branch 09,Employee 013,Services,Approved
2025-10-08,TXN000558,413.49,Branch 18,Employee 051,Services,Approved
2025-01-01,TXN000559,578.89,Branch 40,Employee 048,Services,Pending
2025-06-05,TXN000560,415.8,Branch 41,Employee 044,Beverage,Approved
2025-05-27,TXN000561,557.95,Branch 38,Employee 072,Other,Approved
2025-04-18,TXN000562,915.08,Branch 36,Employee 047,Services,Approved
2025-08-09,TXN000563,674.22,Branch 46,Employee 097,Other,Approved
2025-10-24,TXN000564,434.8,Branch 21,Employee 019,Supplies,Approved
2025-11-07,TXN000565,740.24,Branch 25,Employee 026,Supplies,Pending
2025-12-02,TXN000566,418.38,Branch 39,Employee 078,Services,Approved
2025-06-14,TXN000567,92.38,Branch 34,Employee 066,Other,Approved
2025-08-27,TXN000568,298.38,Branch 19,Employee 052,Other,Approved
2025-08-15,TXN000569,125.84,Branch 30,Employee 065,Other,Approved
2025-08-15,TXN000570,429.7,Branch 33,Employee 006,Beverage,Approved
2025-12-12,TXN000571,503.68,Branch 39,Employee 006,Supplies,Pending
2025-04-20,TXN000572,835.29,Branch 28,Employee 005,Other,Approved
2025-09-19,TXN000573,565.39,Branch 07,Employee 018,Other,Approved
2025-08-31,TXN000574,456.18,Branch 45,Employee 092,Beverage,Approved
2025-03-28,TXN000575,665.88,Branch 08,Employee 043,Beverage,Approved
2025-12-04,TXN000576,57.77,Branch 42,Employee 061,Other,Approved
2025-02-13,TXN000577,547.12,Branch 42,Employee 067,Food,Approved
2025-05-26,TXN000578,654.17,Branch 50,Employee 059,Other,Pending
2025-09-21,TXN000579,204.28,Branch 36,Employee 020,Other,Approved
2025-12-06,TXN000580,728.75,Branch 47,Employee 078,Beverage,Approved
2025-11-21,TXN000581,5556.684744375881,Branch 14,Employee 066,Beverage,Flagged
2025-11-14,TXN000582,416.94,Branch 28,Employee 018,Other,Approved
2025-06-21,TXN000583,626.56,Branch 29,Employee 042,Other,Approved
2025-02-17,TXN000584,954.14,Branch 15,Employee 079,Other,Approved
2025-05-01,TXN000585,536.37,Branch 27,Employee 041,Beverage,Approved
2025-12-11,TXN000586,549.64,Branch 22,Employee 021,Other,Approved
2025-06-08,TXN000587,408.13,Branch 30,Employee 051,Other,Approved
2025-04-26,TXN000588,330.03,Branch 26,Employee 079,Services,Approved
2025-04-12,TXN000589,666.07,Branch 27,Employee 095,Food,Approved
2025-03-17,TXN000590,328.78,Branch 47,Employee 039,Supplies,Approved
2025-01-13,TXN000591,514.31,Branch 07,Employee 076,Food,Approved
2025-01-24,TXN000592,404.47,Branch 21,Employee 044,Services,Approved
2025-05-06,TXN000593,595.8,Branch 28,Employee 065,Supplies,Approved
2025-09-01,TXN000594,566.73,Branch 21,Employee 066,Other,Approved
2025-11-09,TXN000595,707.51,Branch 43,Employee 069,Services,Pending
2025-02-07,TXN000596,398.0,Branch 17,Employee 063,Other,Approved
2025-08-22,TXN000597,446.03,Branch 24,Employee 091,Beverage,Approved
2025-08-01,TXN000598,304.25,Branch 10,Employee 073,Services,Pending
2025-11-19,TXN000599,411.14,Branch 44,Employee 039,Beverage,Approved
2025-10-22,TXN000600,575.46,Branch 31,Employee 061,Services,Approved
2025-04-10,TXN000601,651.4,Branch 05,Employee 003,Services,Approved
2025-12-23,TXN000602,315.57,Branch 06,Employee 048,Beverage,Pending
2025-07-16,TXN000603,673.92,Branch 06,Employee 043,Supplies,Approved
2025-09-11,TXN000604,771.13,Branch 06,Employee 087,Food,Approved
2025-07-24,TXN000605,582.69,Branch 28,Employee 015,Other,Pending
2025-05-05,TXN000606,875.36,Branch 07,Employee 054,Services,Approved
2025-03-17,TXN000607,345.24,Branch 48,Employee 075,Other,Approved
2025-12-02,TXN000608,251.07,Branch 48,Employee 040,Beverage,Approved
2025-12-19,TXN000609,144.26,Branch 24,Employee 093,Other,Approved
2025-01-03,TXN000610,799.21,Branch 09,Employee 089,Beverage,Approved
2025-02-24,TXN000611,630.87,Branch 36,Employee 081,Other,Approved
2025-08-06,TXN000612,488.88,Branch 04,Employee 004,Food,Approved
2025-04-23,TXN000613,4543.5873867343635,Branch 38,Employee 077,Food,Pending
2025-04-01,TXN000614,274.9,Branch 36,Employee 061,Food,Approved
2025-12-23,TXN000615,989.15,Branch 36,Employee 034,Food,Approved
2025-09-23,TXN000616,525.84,Branch 22,Employee 084,Food,Approved
2025-08-26,TXN000617,521.88,Branch 43,Employee 100,Food,Approved
2025-01-26,TXN000618,645.15,Branch 08,Employee 075,Beverage,Approved
2025-10-13,TXN000619,596.2,Branch 27,Employee 074,Services,Approved
2025-05-08,TXN000620,544.78,Branch 23,Employee 030,Other,Approved
2025-03-04,TXN000621,341.91,Branch 43,Employee 093,Food,Approved
2025-08-22,TXN000622,594.29,Branch 49,Employee 007,Beverage,Approved
2025-03-10,TXN000623,876.4,Branch 28,Employee 075,Beverage,Approved
2025-08-26,TXN000624,769.08,Branch 47,Employee 062,Beverage,Approved
2025-12-08,TXN000625,818.64,Branch 04,Employee 022,Services,Approved
2025-09-29,TXN000626,397.76,Branch 19,Employee 068,Other,Approved
2025-10-14,TXN000627,302.08,Branch 39,Employee 081,Services,Approved
2025-11-01,TXN000628,474.84,Branch 20,Employee 093,Supplies,Approved
2025-06-12,TXN000629,511.14,Branch 23,Employee 080,Beverage,Pending
2025-08-15,TXN000630,718.84,Branch 07,Employee 100,Supplies,Approved
2025-11-10,TXN000631,161.51,Branch 37,Employee 049,Food,Approved
2025-09-16,TXN000632,805.91,Branch 33,Employee 019,Food,Approved
2025-08-07,TXN000633,468.4,Branch 14,Employee 088,Services,Approved
2025-10-08,TXN000634,414.62,Branch 10,Employee 032,Other,Approved
2025-08-17,TXN000635,297.58,Branch 43,Employee 005,Supplies,Approved
2025-03-23,TXN000636,169.03,Branch 31,Employee 074,Other,Approved
2025-09-01,TXN000637,2474.321159940364,Branch 15,Employee 090,Services,Pending
2025-08-19,TXN000638,514.66,Branch 07,Employee 015,Food,Approved
2025-05-13,TXN000639,242.01,Branch 23,Employee 025,Other,Pending
2025-05-07,TXN000640,240.98,Branch 36,Employee 003,Other,Approved
2025-11-23,TXN000641,432.84,Branch 24,Employee 057,Food,Approved
2025-05-22,TXN000642,833.8,Branch 08,Employee 041,Supplies,Approved
2025-09-24,TXN000643,448.08,Branch 49,Employee 054,Food,Approved
2025-09-06,TXN000644,199.37,Branch 18,Employee 020,Other,Approved
2025-11-17,TXN000645,450.85,Branch 37,Employee 053,Supplies,Flagged
2025-05-03,TXN000646,445.46,Branch 15,Employee 089,Supplies,Approved
2025-05-21,TXN000647,-39.38,Branch 28,Employee 027,Food,Approved
2025-08-14,TXN000648,489.14,Branch 36,Employee 053,Other,Approved
2025-02-09,TXN000649,453.81,Branch 50,Employee 065,Services,Approved
2026-01-01,TXN000650,639.24,Branch 40,Employee 100,Other,Approved
2025-05-27,TXN000651,869.79,Branch 40,Employee 079,Beverage,Approved
2025-05-01,TXN000652,725.31,Branch 44,Employee 061,Services,Approved
2025-05-20,TXN000653,446.22,Branch 42,Employee 095,Supplies,Approved
2025-06-21,TXN000654,278.69,Branch 36,Employee 094,Services,Approved
2025-06-13,TXN000655,6106.9304946298,Branch 02,Employee 008,Supplies,Pending
2025-10-04,TXN000656,2328.1917007226734,Branch 39,Employee 091,Supplies,Approved
2025-02-11,TXN000657,502.79,Branch 43,Employee 018,Services,Approved
2025-03-12,TXN000658,495.17,Branch 45,Employee 067,Supplies,Approved
2025-03-19,TXN000659,539.62,Branch 18,Employee 027,Supplies,Flagged
2025-04-29,TXN000660,471.13,Branch 02,Employee 072,Beverage,Approved
2025-07-16,TXN000661,385.27,Branch 12,Employee 042,Other,Pending
2025-12-22,TXN000662,390.63,Branch 18,Employee 085,Other,Approved
2025-03-20,TXN000663,493.45,Branch 45,Employee 062,Beverage,Approved
2025-12-28,TXN000664,391.32,Branch 49,Employee 068,Services,Approved
2025-04-20,TXN000665,357.43,Branch 20,Employee 049,Food,Pending
2025-02-02,TXN000666,521.29,Branch 22,Employee 041,Food,Approved
2025-08-01,TXN000667,449.0,Branch 23,Employee 023,Food,Approved
2025-07-28,TXN000668,800.8,Branch 01,Employee 059,Beverage,Approved
2025-06-19,TXN000669,-30.19,Branch 12,Employee 069,Beverage,Approved
2025-10-05,TXN000670,718.3,Branch 10,Employee 044,Supplies,Approved
2025-08-27,TXN000671,749.22,Branch 37,Employee 070,Food,Approved
2025-08-01,TXN000672,85.32,Branch 43,Employee 046,Services,Pending
2025-02-01,TXN000673,431.46,Branch 26,Employee 087,Services,Approved
2025-04-16,TXN000674,425.71,Branch 05,Employee 099,Food,Approved
2025-08-04,TXN000675,218.5,Branch 10,Employee 093,Food,Approved
2025-07-19,TXN000676,344.44,Branch 48,Employee 088,Food,Approved
2025-10-27,TXN000677,277.88,Branch 41,Employee 083,Beverage,Approved
2025-12-23,TXN000678,850.45,Branch 02,Employee 089,Beverage,Approved
2025-01-11,TXN000679,687.14,Branch 06,Employee 034,Beverage,Approved
2025-10-22,TXN000680,754.31,Branch 48,Employee 079,Other,Pending
2025-07-14,TXN000681,644.33,Branch 34,Employee 062,Services,Flagged
2025-09-02,TXN000682,274.19,Branch 14,Employee 025,Services,Approved
2025-01-04,TXN000683,395.1,Branch 25,Employee 032,Supplies,Pending
2025-06-30,TXN000684,597.87,Branch 27,Employee 036,Beverage,Approved
2025-06-02,TXN000685,255.57,Branch 30,Employee 072,Other,Approved
2025-07-19,TXN000686,642.6,Branch 22,Employee 039,Other,Approved
2025-08-03,TXN000687,451.93,Branch 11,Employee 029,Services,Approved
2025-10-03,TXN000688,425.04,Branch 24,Employee 039,Beverage,Approved
2025-10-07,TXN000689,642.19,Branch 20,Employee 099,Supplies,Pending
2025-11-05,TXN000690,588.85,Branch 47,Employee 037,Beverage,Approved
2025-04-23,TXN000691,427.81,Branch 21,Employee 091,Food,Pending
2025-09-07,TXN000692,731.87,Branch 50,Employee 027,Beverage,Approved
2025-04-23,TXN000693,283.79,Branch 37,Employee 089,Food,Approved
2025-05-20,TXN000694,623.19,Branch 39,Employee 091,Food,Flagged
2025-08-12,TXN000695,618.62,Branch 06,Employee 063,Supplies,Approved
2025-09-06,TXN000696,438.09,Branch 04,Employee 041,Services,Approved
2025-01-15,TXN000697,4433.708655391093,Branch 10,Employee 062,Beverage,Approved
2025-07-19,TXN000698,249.78,Branch 11,Employee 045,Food,Approved
2025-06-22,TXN000699,684.81,Branch 49,Employee 072,Beverage,Approved
2025-12-09,TXN000700,463.02,Branch 40,Employee 093,Services,Approved
2025-12-14,TXN000701,395.46,Branch 04,Employee 036,Services,Approved
2025-07-27,TXN000702,709.8,Branch 44,Employee 037,Other,Flagged
2025-03-26,TXN000703,359.13,Branch 06,Employee 016,Services,Approved
2025-08-28,TXN000704,218.31,Branch 18,Employee 074,Supplies,Approved
2025-03-07,TXN000705,188.67,Branch 29,Employee 087,Food,Approved
2025-11-15,TXN000706,621.2,Branch 43,Employee 070,Other,Pending
2025-10-01,TXN000707,243.91,Branch 28,Employee 049,Supplies,Approved
2025-01-14,TXN000708,850.96,Branch 32,Employee 051,Beverage,Approved
2025-07-21,TXN000709,83.61,Branch 39,Employee 045,Food,Approved
2025-10-31,TXN000710,839.29,Branch 29,Employee 099,Services,Approved
2025-10-16,TXN000711,542.2,Branch 27,Employee 019,Food,Approved
2025-12-06,TXN000712,480.66,Branch 18,Employee 038,Beverage,Approved
2025-01-14,TXN000713,391.02,Branch 14,Employee 006,Other,Approved
2025-02-12,TXN000714,579.83,Branch 49,Employee 037,Other,Approved
2025-11-26,TXN000715,492.47,Branch 33,Employee 092,Other,Approved
2025-08-08,TXN000716,720.66,Branch 08,Employee 011,Services,Flagged
2025-03-11,TXN000717,522.85,Branch 23,Employee 045,Supplies,Flagged
2025-08-25,TXN000718,530.06,Branch 28,Employee 057,Supplies,Approved
2025-04-04,TXN000719,427.28,Branch 08,Employee 084,Food,Pending
2025-01-26,TXN000720,488.61,Branch 19,Employee 033,Services,Approved
2025-05-14,TXN000721,561.56,Branch 44,Employee 096,Other,Approved
2025-07-14,TXN000722,1202.3133777279538,Branch 44,Employee 062,Other,Approved
2025-06-17,TXN000723,230.36,Branch 38,Employee 028,Beverage,Approved
2025-04-19,TXN000724,648.65,Branch 32,Employee 026,Beverage,Approved
2025-08-21,TXN000725,534.17,Branch 34,Employee 069,Other,Flagged
2025-06-17,TXN000726,463.2,Branch 43,Employee 035,Other,Approved
2025-06-22,TXN000727,503.69,Branch 20,Employee 072,Services,Pending
2025-07-14,TXN000728,569.52,Branch 03,Employee 090,Supplies,Approved
2025-05-23,TXN000729,392.05,Branch 15,Employee 035,Beverage,Approved
2025-08-04,TXN000730,344.34,Branch 26,Employee 018,Supplies,Approved
2025-05-10,TXN000731,2406.539797650641,Branch 39,Employee 014,Services,Approved
2025-02-11,TXN000732,304.33,Branch 04,Employee 079,Other,Approved
2025-08-29,TXN000733,581.65,Branch 01,Employee 095,Supplies,Approved
2025-01-10,TXN000734,159.48,Branch 14,Employee 076,Other,Approved
2025-10-04,TXN000735,705.83,Branch 20,Employee 031,Other,Approved
2025-01-27,TXN000736,4187.455414149923,Branch 14,Employee 032,Food,Approved
2025-06-29,TXN000737,551.21,Branch 50,Employee 007,Supplies,Approved
2025-04-25,TXN000738,696.54,Branch 09,Employee 086,Supplies,Approved
2025-11-29,TXN000739,833.09,Branch 49,Employee 068,Other,Approved
2025-02-05,TXN000740,3352.6946990211895,Branch 17,Employee 029,Services,Approved
2025-11-30,TXN000741,131.83,Branch 19,Employee 082,Food,Approved
2025-01-21,TXN000742,244.08,Branch 21,Employee 030,Other,Pending
2025-01-16,TXN000743,375.04,Branch 08,Employee 007,Beverage,Approved
2025-05-07,TXN000744,505.22,Branch 01,Employee 013,Beverage,Pending
2025-04-13,TXN000745,603.53,Branch 32,Employee 053,Food,Approved
2025-01-11,TXN000746,354.85,Branch 48,Employee 043,Services,Flagged
2025-11-15,TXN000747,5311.688868940818,Branch 28,Employee 092,Other,Flagged
2025-03-20,TXN000748,348.92,Branch 12,Employee 061,Supplies,Approved
2025-05-03,TXN000749,377.7,Branch 09,Employee 013,Food,Approved
2025-03-06,TXN000750,218.67,Branch 25,Employee 088,Services,Approved
2025-08-31,TXN000751,315.35,Branch 35,Employee 099,Supplies,Approved
2025-12-09,TXN000752,229.66,Branch 46,Employee 018,Beverage,Approved
2025-02-28,TXN000753,304.83,Branch 15,Employee 001,Beverage,Approved
2025-10-16,TXN000754,710.73,Branch 33,Employee 071,Supplies,Approved
2025-04-22,TXN000755,310.12,Branch 36,Employee 021,Food,Approved
2025-08-27,TXN000756,1026.48,Branch 43,Employee 053,Beverage,Approved
2025-12-25,TXN000757,598.66,Branch 23,Employee 084,Other,Approved
2025-05-12,TXN000758,536.97,Branch 05,Employee 061,Supplies,Flagged
2025-07-08,TXN000759,328.33,Branch 26,Employee 062,Supplies,Approved
2025-03-27,TXN000760,640.06,Branch 48,Employee 084,Beverage,Approved
2025-11-07,TXN000761,384.87,Branch 03,Employee 026,Food,Approved
2025-11-07,TXN000762,524.4,Branch 28,Employee 097,Other,Approved
2025-02-28,TXN000763,1012.02,Branch 02,Employee 037,Food,Pending
2025-03-25,TXN000764,480.79,Branch 30,Employee 042,Services,Pending
2025-06-09,TXN000765,729.85,Branch 05,Employee 037,Services,Flagged
2025-02-25,TXN000766,359.36,Branch 21,Employee 083,Beverage,Approved
2025-10-24,TXN000767,493.0,Branch 37,Employee 008,Beverage,Approved
2025-01-14,TXN000768,854.16,Branch 28,Employee 099,Beverage,Approved
2025-06-09,TXN000769,374.61,Branch 37,Employee 012,Services,Approved
2025-10-22,TXN000770,862.49,Branch 26,Employee 084,Food,Flagged
2025-12-13,TXN000771,641.55,Branch 46,Employee 074,Food,Approved
2025-07-12,TXN000772,387.51,Branch 41,Employee 030,Beverage,Approved
2025-07-23,TXN000773,626.48,Branch 27,Employee 069,Other,Approved
2025-04-12,TXN000774,694.51,Branch 19,Employee 095,Food,Approved
2025-02-08,TXN000775,624.36,Branch 08,Employee 093,Services,Approved
2025-10-31,TXN000776,185.96,Branch 26,Employee 005,Supplies,Approved
2025-12-20,TXN000777,354.57,Branch 02,Employee 023,Supplies,Approved
2025-11-18,TXN000778,450.5,Branch 21,Employee 054,Supplies,Approved
2025-05-05,TXN000779,485.11,Branch 11,Employee 023,Other,Approved
2025-02-22,TXN000780,624.13,Branch 40,Employee 005,Beverage,Approved
2025-12-23,TXN000781,535.54,Branch 30,Employee 051,Services,Approved
2025-06-04,TXN000782,232.93,Branch 45,Employee 064,Other,Pending
2025-12-17,TXN000783,576.04,Branch 24,Employee 024,Services,Approved
2025-11-04,TXN000784,622.12,Branch 06,Employee 096,Services,Approved
2025-03-03,TXN000785,611.96,Branch 28,Employee 038,Beverage,Approved
2025-10-17,TXN000786,4813.314990076906,Branch 07,Employee 005,Supplies,Approved
2025-01-22,TXN000787,666.78,Branch 16,Employee 002,Beverage,Pending
2025-06-27,TXN000788,2851.3051252708915,Branch 28,Employee 039,Other,Approved
2025-09-30,TXN000789,485.97,Branch 38,Employee 073,Other,Approved
2025-08-08,TXN000790,167.81,Branch 26,Employee 078,Other,Approved
2025-12-05,TXN000791,585.92,Branch 34,Employee 014,Beverage,Approved
2025-07-09,TXN000792,541.54,Branch 06,Employee 043,Services,Approved
2025-02-05,TXN000793,554.32,Branch 26,Employee 037,Services,Approved
2025-09-17,TXN000794,2144.3243656840705,Branch 20,Employee 059,Food,Approved
2025-11-28,TXN000795,283.79,Branch 48,Employee 083,Other,Approved
2025-06-24,TXN000796,710.63,Branch 22,Employee 070,Services,Approved
2025-01-07,TXN000797,2070.550922245747,Branch 15,Employee 068,Food,Pending
2025-08-04,TXN000798,636.3,Branch 22,Employee 064,Services,Approved
2025-09-08,TXN000799,505.66,Branch 50,Employee 018,Other,Approved
2025-02-24,TXN000800,505.95,Branch 11,Employee 065,Supplies,Approved
2025-08-10,TXN000801,687.66,Branch 05,Employee 060,Other,Approved
2025-07-05,TXN000802,396.79,Branch 33,Employee 035,Beverage,Approved
2025-11-22,TXN000803,519.22,Branch 41,Employee 025,Services,Approved
2025-08-24,TXN000804,407.54,Branch 08,Employee 015,Services,Approved
2025-12-29,TXN000805,413.1,Branch 34,Employee 043,Beverage,Approved
2025-03-20,TXN000806,438.17,Branch 33,Employee 021,Beverage,Approved
2025-08-11,TXN000807,544.43,Branch 13,Employee 094,Supplies,Approved
2025-04-01,TXN000808,404.25,Branch 50,Employee 059,Services,Approved
2025-09-25,TXN000809,751.15,Branch 23,Employee 083,Services,Approved
2025-11-30,TXN000810,321.08,Branch 23,Employee 033,Supplies,Pending
2025-05-19,TXN000811,462.63,Branch 47,Employee 092,Food,Approved
2025-11-12,TXN000812,412.05,Branch 42,Employee 024,Supplies,Approved
2025-10-03,TXN000813,789.4,Branch 10,Employee 002,Other,Approved
2025-09-05,TXN000814,539.31,Branch 16,Employee 095,Services,Approved
2025-08-27,TXN000815,706.37,Branch 07,Employee 044,Beverage,Approved
2025-08-12,TXN000816,202.89,Branch 10,Employee 038,Other,Approved
2025-10-31,TXN000817,553.41,Branch 17,Employee 073,Services,Approved
2025-05-18,TXN000818,677.93,Branch 13,Employee 087,Supplies,Approved
2025-06-15,TXN000819,516.46,Branch 12,Employee 097,Other,Approved
2025-05-06,TXN000820,713.1,Branch 39,Employee 025,Services,Approved
2025-02-14,TXN000821,396.54,Branch 10,Employee 023,Food,Approved
2025-05-23,TXN000822,781.87,Branch 49,Employee 079,Food,Pending
2025-08-19,TXN000823,959.78,Branch 49,Employee 082,Beverage,Approved
2025-05-05,TXN000824,427.43,Branch 42,Employee 052,Services,Approved
2025-08-26,TXN000825,410.9,Branch 05,Employee 055,Food,Approved
2025-10-19,TXN000826,790.68,Branch 12,Employee 066,Supplies,Approved
2025-11-09,TXN000827,815.91,Branch 50,Employee 042,Services,Approved
2025-12-09,TXN000828,395.43,Branch 41,Employee 012,Supplies,Approved
2025-07-14,TXN000829,415.96,Branch 32,Employee 052,Supplies,Approved
2025-06-22,TXN000830,443.64,Branch 30,Employee 086,Food,Approved
2025-01-15,TXN000831,231.11,Branch 49,Employee 013,Services,Pending
2025-09-11,TXN000832,316.27,Branch 37,Employee 024,Other,Approved
2025-06-16,TXN000833,299.17,Branch 49,Employee 018,Food,Approved
2025-04-04,TXN000834,346.44,Branch 38,Employee 062,Food,Approved
2025-09-07,TXN000835,493.06,Branch 29,Employee 042,Services,Approved
2025-04-19,TXN000836,546.84,Branch 44,Employee 032,Services,Approved
2025-07-01,TXN000837,810.1,Branch 37,Employee 001,Supplies,Flagged
2025-05-13,TXN000838,300.33,Branch 42,Employee 034,Services,Approved
2025-06-24,TXN000839,696.86,Branch 41,Employee 050,Supplies,Approved
2025-05-24,TXN000840,457.2,Branch 40,Employee 031,Food,Approved
2025-11-02,TXN000841,490.11,Branch 21,Employee 058,Beverage,Approved
2025-12-26,TXN000842,634.96,Branch 41,Employee 097,Other,Approved
2025-05-22,TXN000843,275.46,Branch 21,Employee 035,Food,Approved
2025-10-12,TXN000844,4489.087325078271,Branch 10,Employee 043,Services,Approved
2025-01-06,TXN000845,533.29,Branch 29,Employee 039,Other,Approved
2025-09-22,TXN000846,3251.375666651303,Branch 05,Employee 075,Beverage,Approved
2025-04-08,TXN000847,557.83,Branch 31,Employee 093,Beverage,Approved
2025-02-13,TXN000848,991.06,Branch 29,Employee 074,Supplies,Approved
2025-05-04,TXN000849,372.45,Branch 41,Employee 002,Other,Approved
2025-07-28,TXN000850,393.8,Branch 20,Employee 034,Supplies,Approved
2025-09-08,TXN000851,3579.620646384433,Branch 18,Employee 084,Food,Approved
2025-10-12,TXN000852,388.9,Branch 38,Employee 047,Other,Approved
2025-05-04,TXN000853,372.52,Branch 04,Employee 089,Food,Pending
2025-12-20,TXN000854,737.8,Branch 23,Employee 031,Supplies,Approved
2025-09-01,TXN000855,784.1,Branch 33,Employee 008,Other,Approved
2025-11-27,TXN000856,385.85,Branch 05,Employee 086,Supplies,Approved
2025-12-31,TXN000857,333.53,Branch 20,Employee 016,Other,Approved
2025-09-09,TXN000858,594.28,Branch 30,Employee 060,Supplies,Approved
2025-08-18,TXN000859,389.56,Branch 29,Employee 040,Beverage,Approved
2025-01-09,TXN000860,626.59,Branch 03,Employee 021,Supplies,Flagged
2025-02-17,TXN000861,3387.7347710138547,Branch 04,Employee 052,Beverage,Approved
2025-05-31,TXN000862,196.85,Branch 24,Employee 088,Supplies,Approved
2025-04-24,TXN000863,809.5,Branch 19,Employee 065,Other,Approved
2025-07-27,TXN000864,859.18,Branch 05,Employee 091,Other,Approved
2025-12-21,TXN000865,377.44,Branch 42,Employee 099,Other,Approved
2025-05-05,TXN000866,422.46,Branch 06,Employee 040,Services,Approved
2025-06-06,TXN000867,557.17,Branch 40,Employee 089,Food,Approved
2025-12-06,TXN000868,566.89,Branch 39,Employee 016,Other,Pending
2025-10-25,TXN000869,4248.908706701053,Branch 33,Employee 082,Beverage,Approved
2025-07-08,TXN000870,902.04,Branch 25,Employee 038,Other,Approved
2025-08-31,TXN000871,464.61,Branch 30,Employee 048,Services,Approved
2025-10-11,TXN000872,340.34,Branch 38,Employee 079,Beverage,Approved
2025-09-29,TXN000873,224.14,Branch 36,Employee 029,Services,Approved
2025-06-26,TXN000874,353.81,Branch 48,Employee 029,Beverage,Approved
2025-08-06,TXN000875,493.37,Branch 03,Employee 018,Supplies,Approved
2025-10-09,TXN000876,858.91,Branch 29,Employee 062,Food,Approved
2025-06-19,TXN000877,396.48,Branch 37,Employee 020,Food,Approved
2025-06-30,TXN000878,3800.147747441356,Branch 42,Employee 059,Services,Approved
2025-12-26,TXN000879,496.72,Branch 13,Employee 096,Food,Approved
2025-08-21,TXN000880,737.68,Branch 21,Employee 078,Services,Approved
2025-05-19,TXN000881,1005.39,Branch 39,Employee 048,Services,Approved
2025-06-06,TXN000882,393.83,Branch 31,Employee 054,Services,Approved
2025-05-09,TXN000883,402.11,Branch 33,Employee 090,Food,Approved
2025-04-29,TXN000884,708.83,Branch 10,Employee 071,Services,Approved
2025-03-03,TXN000885,636.38,Branch 04,Employee 061,Food,Pending
2025-04-09,TXN000886,869.34,Branch 29,Employee 097,Services,Approved
2025-06-11,TXN000887,616.79,Branch 07,Employee 069,Other,Approved
2025-03-03,TXN000888,428.14,Branch 22,Employee 086,Services,Approved
2025-10-02,TXN000889,618.13,Branch 46,Employee 028,Beverage,Approved
2025-12-20,TXN000890,721.74,Branch 06,Employee 098,Services,Approved
2025-04-05,TXN000891,664.1,Branch 33,Employee 032,Supplies,Approved
2025-04-09,TXN000892,601.45,Branch 42,Employee 088,Services,Approved
2025-04-21,TXN000893,713.33,Branch 12,Employee 097,Beverage,Approved
2025-09-05,TXN000894,733.86,Branch 03,Employee 077,Beverage,Approved
2025-05-22,TXN000895,776.43,Branch 16,Employee 011,Food,Approved
2025-10-29,TXN000896,629.74,Branch 46,Employee 068,Other,Approved
2025-09-26,TXN000897,466.58,Branch 29,Employee 058,Services,Approved
2025-11-02,TXN000898,529.34,Branch 29,Employee 068,Food,Approved
2025-05-25,TXN000899,741.3,Branch 34,Employee 091,Other,Approved
2025-02-21,TXN000900,336.61,Branch 34,Employee 047,Services,Approved
2025-04-10,TXN000901,573.73,Branch 40,Employee 010,Supplies,Approved
2025-06-01,TXN000902,421.33,Branch 11,Employee 073,Services,Flagged
2025-04-27,TXN000903,505.75,Branch 24,Employee 015,Beverage,Approved
2025-07-04,TXN000904,755.69,Branch 24,Employee 008,Beverage,Flagged
2025-04-02,TXN000905,538.22,Branch 19,Employee 071,Supplies,Approved
2025-06-04,TXN000906,509.29,Branch 25,Employee 065,Food,Pending
2025-01-08,TXN000907,228.03,Branch 27,Employee 026,Other,Approved
2025-12-29,TXN000908,649.25,Branch 50,Employee 074,Services,Approved
2025-10-01,TXN000909,629.1,Branch 22,Employee 069,Beverage,Approved
2025-03-06,TXN000910,932.65,Branch 44,Employee 020,Food,Approved
2025-05-21,TXN000911,438.44,Branch 39,Employee 022,Supplies,Approved
2025-01-24,TXN000912,543.83,Branch 04,Employee 042,Beverage,Approved
2025-01-28,TXN000913,549.88,Branch 41,Employee 067,Supplies,Approved
2025-10-11,TXN000914,815.49,Branch 42,Employee 057,Services,Approved
2025-05-30,TXN000915,480.94,Branch 22,Employee 015,Other,Pending
2025-12-24,TXN000916,555.8,Branch 05,Employee 088,Beverage,Pending
2025-03-06,TXN000917,621.58,Branch 22,Employee 027,Beverage,Flagged
2025-11-23,TXN000918,537.32,Branch 07,Employee 092,Services,Approved
2025-09-09,TXN000919,410.71,Branch 36,Employee 075,Food,Approved
2025-02-22,TXN000920,538.82,Branch 44,Employee 063,Other,Approved
2025-01-07,TXN000921,714.73,Branch 25,Employee 012,Beverage,Approved
2025-10-21,TXN000922,294.7,Branch 19,Employee 066,Other,Approved
2025-05-26,TXN000923,526.59,Branch 17,Employee 058,Beverage,Approved
2025-08-29,TXN000924,359.98,Branch 47,Employee 008,Other,Approved
2025-09-03,TXN000925,2384.8622174433212,Branch 43,Employee 059,Supplies,Approved
2025-08-14,TXN000926,195.36,Branch 39,Employee 017,Beverage,Pending
2025-06-24,TXN000927,388.22,Branch 10,Employee 066,Other,Approved
2025-04-05,TXN000928,575.44,Branch 22,Employee 054,Food,Pending
2025-01-27,TXN000929,813.1,Branch 06,Employee 059,Supplies,Approved
2025-05-10,TXN000930,486.85,Branch 38,Employee 073,Supplies,Approved
2025-09-02,TXN000931,388.96,Branch 43,Employee 008,Food,Approved
2025-02-28,TXN000932,876.23,Branch 10,Employee 072,Other,Approved
2025-02-03,TXN000933,210.4,Branch 23,Employee 060,Services,Approved
2025-07-25,TXN000934,60.24,Branch 20,Employee 087,Food,Approved
2025-09-09,TXN000935,588.0,Branch 42,Employee 040,Other,Approved
2025-02-07,TXN000936,399.59,Branch 45,Employee 093,Food,Approved
2025-10-23,TXN000937,295.75,Branch 43,Employee 003,Food,Approved
2025-11-19,TXN000938,641.67,Branch 26,Employee 051,Beverage,Flagged
2025-12-18,TXN000939,548.76,Branch 09,Employee 033,Other,Approved
2025-01-28,TXN000940,387.18,Branch 39,Employee 001,Services,Approved
2025-03-19,TXN000941,243.94,Branch 46,Employee 096,Beverage,Approved
2025-03-18,TXN000942,674.49,Branch 06,Employee 028,Food,Approved
2025-10-16,TXN000943,630.04,Branch 20,Employee 075,Food,Approved
2025-06-05,TXN000944,480.16,Branch 36,Employee 010,Food,Approved
2025-02-13,TXN000945,869.33,Branch 25,Employee 006,Other,Flagged
2025-05-08,TXN000946,285.98,Branch 42,Employee 055,Other,Approved
2025-03-02,TXN000947,194.89,Branch 22,Employee 045,Beverage,Pending
2025-10-13,TXN000948,361.62,Branch 09,Employee 090,Services,Pending
2025-08-02,TXN000949,490.88,Branch 43,Employee 009,Beverage,Approved
2025-11-07,TXN000950,548.67,Branch 45,Employee 070,Supplies,Approved
2025-11-02,TXN000951,451.75,Branch 48,Employee 008,Food,Flagged
2025-11-13,TXN000952,570.41,Branch 44,Employee 009,Food,Approved
2025-04-26,TXN000953,249.69,Branch 34,Employee 061,Food,Approved
2025-09-25,TXN000954,788.75,Branch 06,Employee 005,Beverage,Flagged
2025-07-14,TXN000955,483.57,Branch 42,Employee 037,Beverage,Approved
2025-08-19,TXN000956,723.46,Branch 43,Employee 053,Food,Approved
2025-08-15,TXN000957,568.55,Branch 28,Employee 024,Beverage,Approved
2025-06-02,TXN000958,5120.405135863489,Branch 33,Employee 099,Other,Approved
2025-10-29,TXN000959,613.95,Branch 24,Employee 018,Other,Approved
2025-08-08,TXN000960,589.54,Branch 02,Employee 099,Beverage,Approved
2025-06-06,TXN000961,628.54,Branch 24,Employee 083,Food,Approved
2025-10-19,TXN000962,6712.779688739205,Branch 20,Employee 094,Beverage,Approved
2025-11-14,TXN000963,539.3,Branch 12,Employee 083,Beverage,Approved
2025-01-31,TXN000964,641.8,Branch 14,Employee 054,Beverage,Approved
2025-11-09,TXN000965,482.05,Branch 22,Employee 048,Supplies,Approved
2025-02-20,TXN000966,788.02,Branch 50,Employee 049,Other,Approved
2025-04-17,TXN000967,364.72,Branch 32,Employee 058,Services,Approved
2025-11-17,TXN000968,860.19,Branch 13,Employee 049,Services,Approved
2025-04-19,TXN000969,491.97,Branch 15,Employee 049,Supplies,Approved
2025-05-16,TXN000970,213.84,Branch 09,Employee 011,Beverage,Pending
2025-12-05,TXN000971,525.62,Branch 10,Employee 088,Supplies,Approved
2025-02-11,TXN000972,363.79,Branch 05,Employee 085,Supplies,Approved
2025-03-22,TXN000973,668.13,Branch 19,Employee 070,Food,Approved
2025-05-03,TXN000974,369.48,Branch 07,Employee 018,Other,Approved
2025-03-30,TXN000975,410.76,Branch 33,Employee 084,Services,Approved
2025-10-10,TXN000976,122.09,Branch 50,Employee 045,Beverage,Approved
2025-02-08,TXN000977,409.54,Branch 35,Employee 016,Services,Approved
2025-03-22,TXN000978,54.682695943395196,Branch 48,Employee 023,Services,Approved
2025-01-02,TXN000979,183.22,Branch 34,Employee 069,Other,Approved
2025-07-29,TXN000980,652.08,Branch 03,Employee 051,Services,Approved
2025-08-19,TXN000981,657.16,Branch 43,Employee 068,Services,Approved
2025-12-19,TXN000982,585.09,Branch 22,Employee 017,Supplies,Approved
2025-11-01,TXN000983,306.6,Branch 50,Employee 094,Other,Approved
2025-08-29,TXN000984,490.46,Branch 40,Employee 029,Food,Approved
2025-05-30,TXN000985,1912.4952155161934,Branch 09,Employee 001,Beverage,Approved
2025-01-17,TXN000986,268.33,Branch 39,Employee 097,Services,Approved
2025-04-29,TXN000987,800.68,Branch 25,Employee 003,Beverage,Approved
2025-05-28,TXN000988,675.47,Branch 10,Employee 039,Food,Approved
2025-12-28,TXN000989,455.81,Branch 11,Employee 060,Beverage,Approved
2025-05-25,TXN000990,505.38,Branch 12,Employee 087,Food,Approved
2025-12-26,TXN000991,541.68,Branch 45,Employee 093,Supplies,Approved
2025-08-21,TXN000992,568.7343463791507,Branch 50,Employee 070,Services,Pending
2025-02-06,TXN000993,450.56,Branch 40,Employee 055,Food,Approved
2025-12-18,TXN000994,363.6,Branch 11,Employee 069,Beverage,Approved
2025-04-30,TXN000995,299.68,Branch 47,Employee 049,Services,Approved
2025-05-16,TXN000996,443.78,Branch 29,Employee 030,Supplies,Approved
2025-11-17,TXN000997,859.54,Branch 03,Employee 032,Services,Approved
2025-10-29,TXN000998,628.17,Branch 27,Employee 059,Food,Approved
2025-12-05,TXN000999,385.76,Branch 24,Employee 045,Supplies,Approved
2025-04-12,TXN001000,614.52,Branch 44,Employee 020,Beverage,Pending
