Evidence_ID,Type,Date_Collected,Custodian,Hash_SHA256,Status,Risk_Score
EVD00001,Invoice,2026-01-19,Employee 083,2d47a5cbeddc7cdbf6d12264fb9384dfefca3691703bfbaf9ca10a66b3aaac22,Pending,72
EVD00002,Document,2025-12-01,Employee 052,bc8c0fcf2ca6f97b9fb5bc7fd3344176b7f65cfe2fbefd2d5fcaeac599dd2b6e,Verified,56
EVD00003,Email,2025-12-18,Employee 097,8e70baaae71b4945c7cca7f12ba2c90f4f2e3e6e58d386f5ef0a24e0fbf9218a,Pending,89
EVD00004,Invoice,2025-12-05,Employee 043,26d3ba2f3b0e9fd39fc12ac8f6361cddbfce6bba61dfa2adbffe2cc8faea0150,Verified,50
EVD00005,Document,2025-12-03,Employee 056,1bbdb9f1bd66b4bb8dce1fac1199d6aa2ff3ebbf32b5da0b51fc1a7ac852cf5b,Verified,12
EVD00006,Transaction,2026-01-25,Employee 014,0c5a83eccea979f518bd3bfe1a6c7c04c6dadaa4da50957cde0ecf2b5a1ff2ed,Verified,89
EVD00007,Transaction,2025-12-23,Employee 002,bf8f122c1c9f556bfa6514bc33a8bf46523fcf0c7257be5f089a5ab30cf2c8de,Verified,81
EVD00008,Invoice,2026-02-06,Employee 013,c5b01d92dc70a3cc80f3446d0d569c1634dbdbbfb7baeb8374db1fbaff2e5be1,Verified,60
EVD00009,Transaction,2026-02-02,Employee 034,f4cb7cc3dbfe0fecc4fda6a154b0e42fec70cebccf8e82633ebfe3ffeb4c36f2,Verified,26
EVD00010,Contract,2026-01-12,Employee 029,aee8ff0def4ce3a5f3d1fed95515208afda8c2adef31c67e138acd2dda0e3d32,Verified,78
EVD00011,Invoice,2026-02-19,Employee 066,44ffa5651cc3796ed40361c68ae2b4d895a451ae17bfcccc9bdada1dfbdbed2a,Verified,41
EVD00012,Document,2025-12-31,Employee 096,3ffb29f9fdc5ee18876adbdb993caeec26b798ad063df0d75aed0b66af2d2f9c,Pending,36
EVD00013,Invoice,2026-01-08,Employee 067,59e44caadcb36b2cd04cc5aef6cbd208d3dc73daf683cfcee590ba0eed05b6fe,Flagged,23
EVD00014,Email,2025-12-02,Employee 072,9875aec82bec8ed621fec5fd63adbbdeefef5980fc4f4bbdebccd3225ba4e717,Verified,43
EVD00015,Invoice,2026-01-02,Employee 075,a6b756cadce1dbd861c349cda6fbad3d06a3aaa1dd8f804807c4ed5f728c3c66,Verified,6
EVD00016,Transaction,2026-01-08,Employee 089,ad7df7d74ee85f2ac38e0d5b1fee0f98ca3fd6ee5d3c2f222445b4f60a4e70ed,Verified,69
EVD00017,Transaction,2025-12-25,Employee 074,ce31bf255f6a2306b6a2a1ce379dd2b48f58cbeb2f1e39cbe3870fcf2e29156f,Verified,43
EVD00018,Contract,2026-01-08,Employee 029,eaccfe7bf2e57e8ccf1e3ccd1a5f14e85ab9c92ae29c01dd6b4ee7149cdaef2a,Verified,25
EVD00019,Contract,2025-12-26,Employee 058,47cf6bf133ff2d4e8abf29ecca9ef2ab1ecabe3ca28ddb8fea6ff929fa6fcfed,Flagged,18
EVD00020,Contract,2025-11-28,Employee 048,4d67efefbf727ace9ac6cbb03e4a365cf6a0b2dadac5bb6ee8ff6c05dbdcefea,Verified,62
EVD00021,Document,2025-12-05,Employee 051,cdbf63f43b89c2c57f3371edeac7b6441b9b244774abfcf0e9dddff7ee8b6ec8,Verified,13
EVD00022,Contract,2026-02-02,Employee 060,b90d4be3fb01ebd92bffbeea3a711bcc558d90ebedacf1e2b61a98eab38bcf3e,Verified,43
EVD00023,Document,2026-01-12,Employee 099,eba8ecc20dbe6ad79eb34c43bccefac612fa72e2dd69d6cc869054a9c2ada76c,Pending,78
EVD00024,Contract,2026-01-09,Employee 087,3dcc3b5d110b0c8cdcbfab84aa6ab8becbd3b93eefaa74a1804d7aa1f7fbcc5b,Verified,28
EVD00025,Document,2025-12-04,Employee 076,3e8ecb8db7daadb331e447f25bfaa43c00c3d0c153fdc0fe619fd3cdbc4e5f79,Verified,18
EVD00026,Invoice,2025-11-23,Employee 089,c5824cb932ad0bb2a2dcdbeb80b5bb8caaf22a5c6d84fbc20ef673e5c986ea9b,Flagged,59
EVD00027,Invoice,2026-01-25,Employee 065,a8c567facea9f3487cff3f023e914108fdbfdece94eb60db530503fb78cba116,Verified,60
EVD00028,Transaction,2025-12-20,Employee 020,ce7f6d4ec58216ebfdbcffcaafaac021dfe56fb0c52ec1ea7d5efea4ad445d32,Pending,63
EVD00029,Document,2026-01-10,Employee 045,eeedab0adafddafe64c1babb8f3ffaf04c7d5c5ad8a4f8c632c5255983f3b3af,Verified,57
EVD00030,Email,2026-01-28,Employee 004,cbfb6cc8f1bad977ce502df4ce3b7eaad86d33b7dcc135665e59c7cf940aeef1,Pending,92
EVD00031,Transaction,2025-12-31,Employee 062,321dc08a153ed656d2c0ec7afb59ff3dddcbe67bb98560bc7a0eea0965089c83,Verified,51
EVD00032,Invoice,2026-01-10,Employee 014,a88595aebf6ab9c46ed5d401b425ff53a76bfab7ce1b1a4cbc2a5a9a0aabfae6,Verified,56
EVD00033,Document,2026-01-13,Employee 038,7d0eb5e4dd42d7362b00bad8132defd1efb25fbab94f72da96f447a6cec13658,Pending,27
EVD00034,Contract,2025-11-23,Employee 054,0e840cb5feb8bacd7e2b1c2d4a2ccebf58d1e4ad1b1ce98fc5016ef2fb4b5d3a,Verified,32
EVD00035,Email,2025-11-30,Employee 011,92e7aed33873f976f78a9fdc4ae5f98ffdbf664c0cf6cce30738c5b28eafb3cf,Verified,9
EVD00036,Invoice,2025-12-19,Employee 015,cdd6ac11a7b9dd4ed0b860b3b41a89db46821c181bb22cae4da51b7e1e977d06,Verified,96
EVD00037,Transaction,2025-12-08,Employee 094,fdf930b48ac21eedc0f2904b4b5aa3f0ce036bd1e085ced0de58f26db4bae05b,Verified,84
EVD00038,Document,2026-01-19,Employee 019,78377d5fbbdddb0c63de18fdd553fe7b43bbc6fb2ff3ee6ce26dfad999ede6b2,Verified,92
EVD00039,Email,2026-01-09,Employee 045,4ad5c55f7fabdf8ca340a059afa1efda7a580a86dadbdbb9c0fb8acbd1686ca9,Verified,97
EVD00040,Document,2026-01-02,Employee 040,d1b3c9f2bef2993cf4a5fdbf2297b8bbe88aece3d3f96a9d224d5acb0d5ca91d,Verified,68
EVD00041,Contract,2026-01-15,Employee 044,5cdcc13e0cec6e193edfdb3ace268819c62f6bbfd2adfafef6d6bf72cbda3dff,Verified,46
EVD00042,Transaction,2025-12-31,Employee 059,00d2cbf97ce046b6b70f7fd0377eebeaddb7b9ac6f6b4fbd7f60fdcc8ddaf609,Verified,98
EVD00043,Document,2026-01-04,Employee 027,a59e462bbe90ab4eabb3dcee2fafb0efd1a1be6c6d746792360db4773f651d79,Verified,67
EVD00044,Invoice,2026-02-05,Employee 067,2ae2193ddcfd6bfebfaa2beaaffa54cde8febd90a7a3ad22bb7ebb89dcf87bdb,Pending,26
EVD00045,Transaction,2025-12-09,Employee 062,9bb5e1ecadacc3f12ba8ae1bddd033b8c4e6ce6e9f710f8268c1fc7cd5f8688b,Flagged,8
EVD00046,Invoice,2026-01-25,Employee 045,ea48ec3fe210fa9f1e9abd93bc974dcc5b9c8fcf2af3affba1d1aaf1db617bab,Pending,6
EVD00047,Document,2025-12-06,Employee 061,aa9fb60eafc1a31fbd61bc626c023d39b5fabc713e3afa59e4a7ea2386aab8fa,Verified,80
EVD00048,Transaction,2025-12-12,Employee 013,3d0e9eff0eef9ec752e8baac47f3cec022946402eeceef2c2edcfdf5aeee69da,Verified,24
EVD00049,Invoice,2026-01-27,Employee 057,731b871f59aed3a3a4eef21c59d3eee5fdcbea9cbbb0ebace7f8df1bf1aae308,Verified,48
EVD00050,Contract,2025-11-24,Employee 093,4fdd71da34fda1b6bc9f01b02beaed3ce03eae1f2316ba3db2ab4b9bfe7fc3cb,Verified,94
EVD00051,Contract,2025-12-11,Employee 090,ad7239fc9e02cdb0a031ed9baf4eb9ed03aedb7052b27ab4ae64bffa3e0e697b,Verified,45
EVD00052,Document,2026-02-16,Employee 058,a0ae3ba2dfd74e7b72ad84aad3ea83fdf42f13ca37ddbed3fc1cafdc6aa57cdd,Verified,13
EVD00053,Transaction,2025-12-22,Employee 041,3c0f0aa0babc95c0ae26e1a6fca0aad8b8adc1d7095ebbb1da1eed28d83c1f4f,Verified,69
EVD00054,Email,2026-01-24,Employee 009,52aecf4a475e617ab2feb6dbebe1da1d6f26fadbd6fb279e61d5ee97e7dfc962,Flagged,25
EVD00055,Transaction,2025-12-25,Employee 039,b35afa17a3ef6fcfe3506254c0678b36e8a3a70af7fa6efc3cd9fad3c68c921e,Verified,20
EVD00056,Contract,2026-01-13,Employee 006,c4e60b9e1b46ded73c8867fd1a9fb6bf9d3c14adf1fa19e9cfa348c0cc6ca005,Verified,82
EVD00057,Invoice,2025-11-23,Employee 091,fcaed9af526f1accddaf2bcc317d2359e76beba42abdcf6ff2cc0b8a7e2344dd,Verified,82
EVD00058,Email,2026-02-11,Employee 015,cbbca2a1cea67bdda7f0b4c34221fb1ba02bb1251eabe4d471cee73ba5c2c044,Verified,66
EVD00059,Document,2025-12-29,Employee 003,6dbf24bf8c9f378452f222afc0726d6f9c6c41cae3fa29e138c2ef1f7df2cf6f,Pending,74
EVD00060,Email,2025-11-25,Employee 044,c6be8ad8a6a25ad2211ef8e3d21aab4ea57cce09e868a0cc6fa2fa2eefcacb8a,Verified,45
EVD00061,Document,2025-12-18,Employee 083,fd7f700c7a0d72777e5ede16707accd5fcf88cb2e7ba7d79acbcb61f84a2c271,Verified,47
EVD00062,Email,2026-02-02,Employee 014,ba4be6b9b48d9a30fcc4faaebda9cdb833f697c149ce5d8245cac9e0335be3cf,Verified,63
EVD00063,Document,2025-11-30,Employee 087,a0c1ddd87e1ef32aebcee5d52b7c8a5933f95ca8e69ffde7fc0fdceefb5c6f7b,Verified,76
EVD00064,Document,2026-01-12,Employee 022,2dc8e8f51c54dedda80dcea9cfdccfb7dba901edb28d613bfcacfb7aa5fcb494,Verified,77
EVD00065,Email,2026-01-20,Employee 095,ded4eeeddf4f389518e2f9e9e2f4cb6a2cdf6e98365dd8fa027ffffa52175dfe,Pending,55
EVD00066,Email,2026-01-18,Employee 032,fda15d688fcc5bed26b3202dcae6dda56d6fa3ceb13505f9fe07faacd22d33b6,Pending,75
EVD00067,Document,2025-11-27,Employee 067,dccfbc91aed0ee8cec31ce9fd0fee7aafc41e711e883fd1c3b6ae2a9b6f2ecba,Pending,19
EVD00068,Contract,2026-01-31,Employee 023,dac9abd9907a4f3adb69da32dcb6110292ec551b2e3481d6caed5fd44add2b02,Verified,35
EVD00069,Email,2025-12-27,Employee 071,3afdfdadf7ef862020fc4ee9db46aa033ffacc4cc10dffcadc6aaddebafb961d,Pending,53
EVD00070,Transaction,2026-01-02,Employee 021,9aae7f064754d7dce26ffceabbcd6ae24d29f6410d73cd019d245771d53fbefe,Verified,26
EVD00071,Invoice,2026-02-10,Employee 043,9ac22dbec02dde369ba2e73c99a5b7b18a7e3a95b99acb7030be16f31aeed1df,Verified,14
EVD00072,Document,2025-12-24,Employee 072,eb68ec6ae06bef94bbefdb84607fa2f62cba30bd5bff218d71e26a9fbfcddbd7,Verified,45
EVD00073,Document,2025-12-05,Employee 055,6bfefb57cc72fc11da98bcb85a99eafc32f2fc24aae8ed82c038f6ab3c1dd4ca,Verified,44
EVD00074,Invoice,2025-12-20,Employee 060,27d9ccdbafdaba99d7be958bfdaedfcbfc2c4dc1c4ad2e30b5fd9bd80c099c65,Verified,88
EVD00075,Contract,2025-12-07,Employee 030,223351683d70187978c24acaa821a8a85d5fe5cb681d4f8fbb9e90ac6f0eadc8,Pending,65
EVD00076,Invoice,2025-12-30,Employee 052,7dcb1ac6823c69df7f75a95f7ad0fe0ade9dfabbe10cee7bc73af0ae9406e71d,Verified,51
EVD00077,Email,2025-12-13,Employee 081,6f5a76df44c8dcacecfc1215c5bb4effb5c9eee1e9f6ea7ad4699041c0af9153,Verified,43
EVD00078,Invoice,2025-12-17,Employee 024,6d2abdd7525717bebdadc1106c12e96d1ec682a5de08bdd7eb9742d1b4ce59f9,Verified,86
EVD00079,Document,2025-11-23,Employee 024,5b169fa6db36780ce1bcc944db7effd7cfd939b04045d5ae7a44f710264ca004,Pending,23
EVD00080,Invoice,2025-12-28,Employee 082,3df7c30ce0e8b2e65beeffdd13eb488df51d4bb71bdcfd41ae1baebaa78ffa58,Flagged,56
EVD00081,Transaction,2025-12-12,Employee 085,ec044c86dce8c2197cad9a8b6835e71cbebe2104476bf6fffaae06cb88ceaba3,Pending,19
EVD00082,Email,2026-02-15,Employee 056,84aabbafab64af49c8c2e0bc79f8bb70be3e7ddddf48b42c9d22c0fa41f65e11,Verified,82
EVD00083,Invoice,2026-01-04,Employee 051,b3c932ba1fd249fadecbf60318bbedaca6daff6db35daae4c8e5d6d6eff4afcf,Verified,76
EVD00084,Document,2025-11-22,Employee 004,12a795ba1fa8ac802e7aa1c5e3cc3026b81ae3740e4fcbefd8610aae8529f74e,Verified,55
EVD00085,Email,2025-12-13,Employee 095,4dbc33927c44be2473868a1be8146df2bfc3fdffeff7dd6ca7dc8e5cf5dd6aad,Verified,92
EVD00086,Document,2025-12-05,Employee 079,186340edea76eabfe60c75bde5ffd8790d14d342dce51f6f53569d5b1f839baa,Verified,92
EVD00087,Contract,2025-11-30,Employee 026,cb08caed3f5a98d13a340bfaeef8aec80e8c495efbaffeea50bdefe5ae5dec0a,Verified,60
EVD00088,Transaction,2026-02-09,Employee 058,ee8cdb49c56fe869da1db73ae86fb01fbea38f44e9b414a5d8ddd36867cae21a,Verified,59
EVD00089,Contract,2026-02-06,Employee 076,0cf2b0dfaea798dfbee81772affd3dd6fb8dea94ffb071b79d8d19eefcda643b,Flagged,33
EVD00090,Transaction,2026-01-19,Employee 055,ccb2b6ecd392e54ae19f3eda45ad22bf1fdeade8fa8eccb4211aea28cec01bcf,Verified,19
EVD00091,Invoice,2025-11-27,Employee 050,78ebbd48ba3ecaad3ebfd6f2ffacaf8f7c4abf1d3a8fecfc7efa8b6f4c82acbc,Verified,28
EVD00092,Email,2025-11-26,Employee 001,fa33f634aa0fcef3e9ce2f31fedfd805affe8fbebde6e821aeb0cc6ab3ae9c21,Verified,52
EVD00093,Invoice,2026-01-05,Employee 091,db4b0cbbabcfb2afd3d3cb2243cc0fb7b9e06ebbe9cfbf7b42c546cfd472d158,Flagged,49
EVD00094,Transaction,2026-01-29,Employee 028,d8159fb1aff48ecd93f90d122c1e776d408f82e3a6cabfdcdd3e87afbdca20b3,Pending,37
EVD00095,Transaction,2025-11-29,Employee 027,28a1fff5df4fbb69edb6ce8611ae31acadf9baabfdf8deaffa5aecdbddfedb41,Pending,26
EVD00096,Transaction,2025-12-03,Employee 036,cbe9882e5ba2664ac46eec0ada7d770d472a1b32a3e48694b29c3797d4408ad3,Flagged,99
EVD00097,Document,2026-02-14,Employee 097,4ae59cbf7adbec82203ba5e7fa96aa53b5adf5c4fbfb3fdd520fe9d2186d57ab,Verified,98
EVD00098,Email,2025-12-09,Employee 091,e656797101a4ad24e7620cc7a7bb8e48d2a2cee4fe1c7ff4f04c5dcdfd9fe19e,Verified,99
EVD00099,Invoice,2025-11-29,Employee 009,b0df20cbfa8fdf3a8b85434fdbafb64fc31503de5be5cb07d81fcf8d71bc4f3f,Verified,40
EVD00100,Invoice,2025-11-25,Employee 074,bfbb2a8eddcb45cba35f8d234c4aae0338d115ef2bfbd80cae0513d0ff2a7f4a,Verified,80
